round,wall_time_s,mean_user_norm,item_norm_mean,cum_download_bytes,cum_upload_bytes,val_ndcg@10,val_hr@10,val_recall@10,val_mrr@10
0,0.000012,0.079746,0.079822,0,0,0.005003,0.010616,0.010616,0.003229
10,2.398312,1.815397,5.165470,381073920,381073920,0.003658,0.007431,0.007431,0.002536
20,4.885773,4.065969,7.281709,772912640,772912640,0.002190,0.005308,0.005308,0.001256
30,7.645440,6.265410,8.950626,1188003328,1188003328,0.003481,0.007431,0.007431,0.002338
40,10.461627,8.473050,10.314832,1604385792,1604385792,0.005023,0.010616,0.010616,0.003301
50,13.358809,10.497626,11.518929,2036700160,2036700160,0.001639,0.004246,0.004246,0.000861
60,15.989765,12.200995,12.603083,2420357632,2420357632,0.005811,0.009554,0.009554,0.004689
70,18.922705,13.861278,13.595095,2845782528,2845782528,0.005109,0.009554,0.009554,0.003825
80,21.715864,15.524017,14.527759,3260012032,3260012032,0.002829,0.007431,0.007431,0.001460
90,24.375750,17.006907,15.407743,3650128384,3650128384,0.002101,0.006369,0.006369,0.000895
100,27.324024,18.494162,16.237600,4074692096,4074692096,0.005814,0.011677,0.011677,0.004015
110,30.094952,19.970016,17.026363,4482893312,4482893312,0.003289,0.008493,0.008493,0.001768
120,33.001857,21.330219,17.782375,4918221824,4918221824,0.003116,0.006369,0.006369,0.002173
130,35.785135,22.626543,18.532740,5324270080,5324270080,0.003534,0.008493,0.008493,0.002148
140,38.550332,23.819271,19.239117,5726873600,5726873600,0.002076,0.005308,0.005308,0.001134
150,41.164806,25.078669,19.905674,6114406400,6114406400,0.001724,0.005308,0.005308,0.000718
160,43.967067,26.294163,20.543516,6526482944,6526482944,0.002993,0.006369,0.006369,0.001999
170,46.657825,27.445681,21.171797,6923919360,6923919360,0.003998,0.007431,0.007431,0.003020
180,49.327975,28.650543,21.798370,7328245248,7328245248,0.001759,0.003185,0.003185,0.001356
190,52.139768,29.781359,22.396257,7744197120,7744197120,0.003164,0.007431,0.007431,0.001961
200,54.974577,30.859383,22.945679,8158857216,8158857216,0.002436,0.006369,0.006369,0.001268
210,57.742748,31.932941,23.490747,8564905472,8564905472,0.005219,0.013800,0.013800,0.002698
220,60.463765,32.923958,24.058943,8974829056,8974829056,0.005214,0.011677,0.011677,0.003313
230,63.165602,33.934528,24.607803,9380016128,9380016128,0.003354,0.008493,0.008493,0.001832
240,64.558845,34.883484,25.152042,9762812416,9762812416,0.004448,0.010616,0.010616,0.002580
250,66.806253,35.780880,25.648382,10154220544,10154220544,0.004390,0.011677,0.011677,0.002252
260,69.638872,36.927315,26.129211,10574478336,10574478336,0.005977,0.011677,0.011677,0.004271
270,72.414421,38.056343,26.604851,10989999616,10989999616,0.008403,0.015924,0.015924,0.006131
280,75.139626,39.049240,27.098795,11396047872,11396047872,0.005574,0.010616,0.010616,0.004044
290,77.524135,39.916763,27.576233,11809416192,11809416192,0.005921,0.012739,0.012739,0.003814
300,78.877038,40.868778,28.055487,12220200960,12220200960,0.005633,0.010616,0.010616,0.004159
310,80.221869,41.782032,28.531412,12618498560,12618498560,0.008182,0.019108,0.019108,0.005055
320,82.482590,42.770432,28.967499,13039186944,13039186944,0.004693,0.012739,0.012739,0.002330
330,85.218625,43.652840,29.414316,13443082240,13443082240,0.004995,0.012739,0.012739,0.002705
340,88.009239,44.639389,29.863005,13862478848,13862478848,0.006151,0.012739,0.012739,0.004128
350,90.523424,45.552914,30.291529,14272833024,14272833024,0.008018,0.019108,0.019108,0.004663
360,93.179909,46.561008,30.689093,14696104960,14696104960,0.011491,0.024416,0.024416,0.007567
370,95.610740,47.415054,31.111605,15103014400,15103014400,0.007404,0.014862,0.014862,0.005175
380,98.184082,48.222530,31.526407,15504326144,15504326144,0.006634,0.014862,0.014862,0.004190
390,100.890002,49.042408,31.947582,15910804992,15910804992,0.007465,0.013800,0.013800,0.005489
400,103.610280,49.998516,32.390968,16312116736,16312116736,0.006173,0.010616,0.010616,0.004786
410,106.315413,50.874741,32.814331,16708691968,16708691968,0.006397,0.012739,0.012739,0.004485
420,109.092421,51.871552,33.214272,17121629696,17121629696,0.005882,0.013800,0.013800,0.003477
430,111.837503,52.720627,33.611744,17531122688,17531122688,0.007199,0.016985,0.016985,0.004338
440,114.564800,53.529125,33.978928,17942768640,17942768640,0.010896,0.020170,0.020170,0.008078
450,117.343731,54.396061,34.357887,18353122816,18353122816,0.014931,0.025478,0.025478,0.011617
460,120.188084,55.262447,34.727478,18778978304,18778978304,0.008230,0.016985,0.016985,0.005592
470,122.911122,56.084328,35.079216,19182873600,19182873600,0.010065,0.020170,0.020170,0.007146
480,125.700792,56.875198,35.460613,19582032384,19582032384,0.009813,0.022293,0.022293,0.006104
490,128.577484,57.747822,35.815186,20000998400,20000998400,0.010557,0.021231,0.021231,0.007307
500,131.339158,58.441898,36.142532,20414366720,20414366720,0.009397,0.020170,0.020170,0.006281
510,134.024873,59.195961,36.516178,20807066624,20807066624,0.009631,0.018047,0.018047,0.007061
520,135.734267,60.042522,36.858513,21208378368,21208378368,0.010284,0.022293,0.022293,0.006736
530,137.609282,60.817360,37.202393,21599355904,21599355904,0.009329,0.020170,0.020170,0.006142
540,139.016516,61.628014,37.540298,22019183104,22019183104,0.011484,0.023355,0.023355,0.008001
550,140.316042,62.324848,37.928627,22392936960,22392936960,0.011265,0.026539,0.026539,0.006696
560,141.696461,63.396736,38.268585,22809750016,22809750016,0.011686,0.024416,0.024416,0.007947
570,143.004995,64.106850,38.603893,23201158144,23201158144,0.011995,0.026539,0.026539,0.007667
580,144.337741,64.899094,38.940929,23603761664,23603761664,0.012681,0.029724,0.029724,0.007565
590,145.744821,65.683350,39.278511,24020574720,24020574720,0.010006,0.020170,0.020170,0.006888
600,147.080327,66.411980,39.594624,24428775936,24428775936,0.012713,0.024416,0.024416,0.009200
610,148.516963,67.238640,39.935699,24847741952,24847741952,0.008039,0.018047,0.018047,0.005066
620,149.937198,68.098740,40.282986,25270152704,25270152704,0.008901,0.016985,0.016985,0.006564
630,151.294100,68.768463,40.584675,25663283200,25663283200,0.013255,0.027601,0.027601,0.009081
640,152.720720,69.602310,40.908348,26089138688,26089138688,0.010152,0.020170,0.020170,0.007136
650,154.039332,70.287819,41.252460,26489589248,26489589248,0.010347,0.020170,0.020170,0.007305
660,155.598079,70.931595,41.577427,26902526976,26902526976,0.010100,0.020170,0.020170,0.007089
670,157.094976,71.628304,41.885036,27306852864,27306852864,0.011540,0.022293,0.022293,0.008312
680,158.580873,72.328011,42.170536,27706872832,27706872832,0.008224,0.015924,0.015924,0.005925
690,160.156866,73.074867,42.499619,28115935232,28115935232,0.007054,0.015924,0.015924,0.004374
700,161.638254,73.736603,42.820591,28521122304,28521122304,0.007912,0.018047,0.018047,0.004825
710,163.088255,74.478012,43.118595,28942241280,28942241280,0.007359,0.018047,0.018047,0.004190
720,164.474115,75.143753,43.407288,29359054336,29359054336,0.006416,0.013800,0.013800,0.004205
730,165.729145,75.855461,43.700462,29734530560,29734530560,0.004853,0.011677,0.011677,0.002781
740,166.948593,76.483505,44.019367,30110437376,30110437376,0.005456,0.010616,0.010616,0.003844
750,168.912483,77.162033,44.355404,30521652736,30521652736,0.007029,0.015924,0.015924,0.004459
760,171.072672,77.952629,44.645115,30913922048,30913922048,0.007616,0.018047,0.018047,0.004538
770,172.363714,78.649849,44.944038,31306621952,31306621952,0.009479,0.018047,0.018047,0.006960
780,173.721497,79.371582,45.245846,31711378432,31711378432,0.008420,0.015924,0.015924,0.006199
790,175.123907,80.087692,45.548046,32118287872,32118287872,0.006439,0.012739,0.012739,0.004562
800,176.384725,80.644646,45.813499,32498500608,32498500608,0.008165,0.015924,0.015924,0.005834
810,177.675761,81.268066,46.072643,32890769920,32890769920,0.010080,0.021231,0.021231,0.006772
820,179.073063,81.921982,46.351059,33301554688,33301554688,0.008162,0.018047,0.018047,0.005243
830,180.452215,82.575539,46.644352,33692532224,33692532224,0.008767,0.016985,0.016985,0.006417
840,182.892080,83.517090,46.886253,34099872256,34099872256,0.008695,0.014862,0.014862,0.006786
850,185.423569,84.254173,47.143822,34487405056,34487405056,0.007697,0.014862,0.014862,0.005592
860,188.263133,84.920929,47.431126,34905079296,34905079296,0.009198,0.016985,0.016985,0.006900
870,190.859743,85.529839,47.710972,35306821632,35306821632,0.012036,0.022293,0.022293,0.009033
880,193.391394,86.193810,48.005787,35708994560,35708994560,0.013172,0.026539,0.026539,0.009179
890,194.941902,86.797585,48.288208,36106430976,36106430976,0.012882,0.021231,0.021231,0.010312
900,196.183947,87.422722,48.560600,36503436800,36503436800,0.012922,0.023355,0.023355,0.009756
910,197.443594,88.049133,48.831684,36924986368,36924986368,0.012576,0.026539,0.026539,0.008415
920,198.703629,88.749733,49.107796,37343521792,37343521792,0.011792,0.022293,0.022293,0.008631
930,199.862124,89.371582,49.385616,37742249984,37742249984,0.012745,0.029724,0.029724,0.007855
940,201.060716,89.992699,49.634609,38156048896,38156048896,0.011497,0.025478,0.025478,0.007350
950,202.265571,90.713806,49.890774,38577167872,38577167872,0.011577,0.025478,0.025478,0.007446
960,203.322667,91.453819,50.165878,39008190464,39008190464,0.009359,0.021231,0.021231,0.005881
970,204.239464,92.194580,50.410320,39402612736,39402612736,0.007329,0.018047,0.018047,0.004160
980,205.145100,92.727257,50.665901,39802202112,39802202112,0.006576,0.016985,0.016985,0.003516
990,206.065752,93.381104,50.912918,40210403328,40210403328,0.005719,0.011677,0.011677,0.003964
1000,206.961572,93.934532,51.151104,40619465728,40619465728,0.007477,0.016985,0.016985,0.004659
