model,bytes_per_client_round,rounds_to_best_mean,rounds_run_mean,GB_to_best_mean,GB_all_rounds_mean,payload_vs_B1,volume_to_best_vs_B1
B1,861184,1158.0000,2158.0000,93.9114,174.9456,1.0000,1.0000
B3_r4,55872,2984.0000,3984.0000,15.7038,20.9709,0.0649,0.1672
B3_r8,111744,3064.0000,4064.0000,32.2634,42.7900,0.1298,0.3436
B3_r16,223488,3676.0000,4676.0000,77.3880,98.4155,0.2595,0.8241
B3_r32,446976,4284.0000,5284.0000,180.3293,222.2965,0.5190,1.9202
B2_all_levels,861184,50.0000,50.0000,4.0259,4.0259,1.0000,0.0429
B4_r4_all_levels,55872,50.0000,50.0000,0.2612,0.2612,0.0649,0.0028
B4_r8_all_levels,111744,50.0000,50.0000,0.5224,0.5224,0.1298,0.0056
B4_r16_all_levels,223488,50.0000,50.0000,1.0448,1.0448,0.2595,0.0111
B4_r32_all_levels,446976,50.0000,50.0000,2.0895,2.0895,0.5190,0.0222
