round,mean_user_norm,item_norm_mean,frac_clients_ever_sampled,cum_download_bytes,cum_upload_bytes,wall_time_s,val_ndcg@10,val_hr@10,val_recall@10,val_mrr@10,clients_last_round,mean_clients_per_round,local_loss,update_norm_last_round,client_pos_mean,client_pos_min,client_pos_max
0,0.079632,0.079756,0.000000,0,0,0.000355,0.006630,0.012739,0.012739,0.004781,,,,,,,
10,0.793673,0.087524,0.647558,393991680,393991680,1.037584,0.033627,0.067941,0.067941,0.023281,89.000000,91.500000,0.633076,0.344451,56.388162,1.000000,376.000000
20,2.278054,0.126146,0.886412,788413952,788413952,1.918512,0.051722,0.101911,0.101911,0.036683,96.000000,91.600000,0.440149,0.472261,57.053342,1.000000,376.000000
30,3.590526,0.176772,0.953291,1183697408,1183697408,2.822300,0.058924,0.115711,0.115711,0.041821,74.000000,91.800000,0.263324,0.411783,59.814226,1.000000,320.000000
40,4.463313,0.214234,0.989384,1592759808,1592759808,3.640311,0.060143,0.118896,0.118896,0.042462,96.000000,95.000000,0.172231,0.320257,55.447821,2.000000,376.000000
50,5.048993,0.240847,0.995754,1999238656,1999238656,4.424320,0.059840,0.118896,0.118896,0.042138,88.000000,94.400000,0.139432,0.321230,53.829513,1.000000,278.000000
60,5.468666,0.261327,0.997877,2403995136,2403995136,5.207622,0.065570,0.127389,0.127389,0.046902,97.000000,94.000000,0.122700,0.301300,56.706146,1.000000,376.000000
70,5.794942,0.277756,0.997877,2794542080,2794542080,6.000547,0.061948,0.124204,0.124204,0.043285,73.000000,90.700000,0.114817,0.326911,59.957362,2.000000,376.000000
80,6.096066,0.292198,0.998938,3199729152,3199729152,6.807657,0.064631,0.128450,0.128450,0.045473,94.000000,94.100000,0.104955,0.282408,58.303706,1.000000,320.000000
90,6.349442,0.304526,0.998938,3600179712,3600179712,7.596113,0.064578,0.128450,0.128450,0.045493,97.000000,93.000000,0.096749,0.280150,56.804268,1.000000,376.000000
100,6.585146,0.316044,1.000000,4010964480,4010964480,8.397344,0.061265,0.119958,0.119958,0.043502,98.000000,95.400000,0.090324,0.285584,55.250852,1.000000,376.000000
110,6.794783,0.327100,1.000000,4405386752,4405386752,9.153388,0.060457,0.117834,0.117834,0.043220,77.000000,91.600000,0.084951,0.335402,54.803116,2.000000,376.000000
120,6.994651,0.337119,1.000000,4814018560,4814018560,9.951093,0.065779,0.127389,0.127389,0.047266,90.000000,94.900000,0.083642,0.293675,54.422890,1.000000,267.000000
130,7.181645,0.346577,1.000000,5220066816,5220066816,10.750838,0.066414,0.125265,0.125265,0.048638,102.000000,94.300000,0.082048,0.269811,58.812575,1.000000,376.000000
140,7.354131,0.355541,1.000000,5628698624,5628698624,11.559277,0.064726,0.123142,0.123142,0.046919,105.000000,94.900000,0.074634,0.259320,55.660168,1.000000,376.000000
150,7.512169,0.364185,1.000000,6023982080,6023982080,12.351767,0.072554,0.138004,0.138004,0.052982,101.000000,91.800000,0.074463,0.272166,56.916574,1.000000,376.000000
160,7.665380,0.372835,1.000000,6426155008,6426155008,13.129267,0.069841,0.129512,0.129512,0.051749,97.000000,93.400000,0.069532,0.271823,54.281316,2.000000,320.000000
170,7.814227,0.381372,1.000000,6836939776,6836939776,13.922846,0.073343,0.138004,0.138004,0.053764,98.000000,95.400000,0.067172,0.265329,53.433193,2.000000,320.000000
180,7.958894,0.389153,1.000000,7252030464,7252030464,14.754284,0.074215,0.141189,0.141189,0.054015,109.000000,96.400000,0.068430,0.251587,57.852688,1.000000,376.000000
190,8.095109,0.396972,1.000000,7658509312,7658509312,15.564530,0.076372,0.142251,0.142251,0.056498,80.000000,94.400000,0.065079,0.300830,57.983795,1.000000,376.000000
200,8.222750,0.404510,1.000000,8064126976,8064126976,16.334918,0.079168,0.151805,0.151805,0.057336,95.000000,94.200000,0.060761,0.294685,53.800921,1.000000,376.000000
210,8.340848,0.411669,1.000000,8460702208,8460702208,17.127928,0.075554,0.146497,0.146497,0.054181,82.000000,92.100000,0.060900,0.293888,54.649897,1.000000,320.000000
220,8.453735,0.418770,1.000000,8843929088,8843929088,17.891645,0.075997,0.150743,0.150743,0.053651,85.000000,89.000000,0.060675,0.281810,59.825287,1.000000,376.000000
230,8.570288,0.425808,1.000000,9251269120,9251269120,18.701066,0.076164,0.149682,0.149682,0.054188,97.000000,94.600000,0.058180,0.266399,56.226054,1.000000,272.000000
240,8.676724,0.432395,1.000000,9643538432,9643538432,19.493213,0.078281,0.150743,0.150743,0.056711,91.000000,91.100000,0.058942,0.282374,59.048646,1.000000,376.000000
250,8.782975,0.438971,1.000000,10045280768,10045280768,20.278781,0.079340,0.156051,0.156051,0.056342,89.000000,93.300000,0.055068,0.270924,55.749574,1.000000,376.000000
260,8.888338,0.445243,1.000000,10457357312,10457357312,21.100020,0.082087,0.164544,0.164544,0.057474,96.000000,95.700000,0.054589,0.247556,58.879101,1.000000,376.000000
270,8.992839,0.451663,1.000000,10872017408,10872017408,21.914690,0.083078,0.164544,0.164544,0.058648,92.000000,96.300000,0.054632,0.290294,57.546629,1.000000,376.000000
280,9.090145,0.457707,1.000000,11276343296,11276343296,22.721066,0.083006,0.168790,0.168790,0.057329,94.000000,93.900000,0.053085,0.264264,58.933811,1.000000,376.000000
290,9.187237,0.463703,1.000000,11691003392,11691003392,23.543154,0.081014,0.165605,0.165605,0.055679,87.000000,96.300000,0.049226,0.261530,56.253615,1.000000,376.000000
300,9.279292,0.469693,1.000000,12092745728,12092745728,24.330694,0.085276,0.176221,0.176221,0.058220,96.000000,93.300000,0.049945,0.260426,56.619205,1.000000,376.000000
310,9.367391,0.475473,1.000000,12491043328,12491043328,25.114352,0.086103,0.171975,0.171975,0.060277,95.000000,92.500000,0.048072,0.258689,56.827102,1.000000,376.000000
320,9.453950,0.481192,1.000000,12893646848,12893646848,25.915179,0.083561,0.169851,0.169851,0.057769,92.000000,93.500000,0.047389,0.257042,57.542106,1.000000,278.000000
330,9.538340,0.486677,1.000000,13291083264,13291083264,26.697607,0.085131,0.175159,0.175159,0.058168,89.000000,92.300000,0.046971,0.252209,57.343765,1.000000,376.000000
340,9.616564,0.492174,1.000000,13680769024,13680769024,27.478570,0.082323,0.167728,0.167728,0.056734,86.000000,90.500000,0.045411,0.267233,56.766306,2.000000,320.000000
350,9.702271,0.497600,1.000000,14110930432,14110930432,28.330621,0.083836,0.166667,0.166667,0.058969,90.000000,99.900000,0.045574,0.251924,58.817307,1.000000,376.000000
360,9.783744,0.503046,1.000000,14523006976,14523006976,29.156087,0.085299,0.171975,0.171975,0.059343,103.000000,95.700000,0.044823,0.226160,58.526030,3.000000,376.000000
370,9.860406,0.508176,1.000000,14932499968,14932499968,29.967720,0.084470,0.167728,0.167728,0.059536,94.000000,95.100000,0.044418,0.266917,58.744849,1.000000,376.000000
380,9.937056,0.513345,1.000000,15342854144,15342854144,30.754779,0.087522,0.173036,0.173036,0.061899,93.000000,95.300000,0.041559,0.235379,55.747332,2.000000,272.000000
390,10.012712,0.518469,1.000000,15751485952,15751485952,31.569350,0.087303,0.174098,0.174098,0.061296,92.000000,94.900000,0.042081,0.244018,57.496979,1.000000,320.000000
400,10.084805,0.523577,1.000000,16157103616,16157103616,32.363623,0.086484,0.174098,0.174098,0.060378,92.000000,94.200000,0.041027,0.249535,55.998172,1.000000,376.000000
410,10.156136,0.528517,1.000000,16562290688,16562290688,33.189257,0.088490,0.175159,0.175159,0.062428,107.000000,94.100000,0.040479,0.216759,57.298125,2.000000,376.000000
420,10.223696,0.533157,1.000000,16956712960,16956712960,33.968277,0.090680,0.176221,0.176221,0.064908,86.000000,91.600000,0.038830,0.231818,56.596151,1.000000,376.000000
430,10.290818,0.537954,1.000000,17357163520,17357163520,34.758943,0.088028,0.179406,0.179406,0.060561,82.000000,93.000000,0.039387,0.262758,57.793041,1.000000,376.000000
440,10.356544,0.542672,1.000000,17759336448,17759336448,35.553400,0.086289,0.168790,0.168790,0.061367,86.000000,93.400000,0.038098,0.239231,57.217064,1.000000,376.000000
450,10.422155,0.547213,1.000000,18170121216,18170121216,36.380308,0.085724,0.169851,0.169851,0.060485,94.000000,95.400000,0.039184,0.237038,58.882599,1.000000,376.000000
460,10.490743,0.551705,1.000000,18601143808,18601143808,37.223768,0.085026,0.171975,0.171975,0.058786,100.000000,100.100000,0.037741,0.229937,57.216158,1.000000,272.000000
470,10.553815,0.556268,1.000000,19002455552,19002455552,38.027971,0.084941,0.167728,0.167728,0.060065,92.000000,93.200000,0.037552,0.240644,58.946726,2.000000,376.000000
480,10.616934,0.560750,1.000000,19405920256,19405920256,38.825490,0.085211,0.164544,0.164544,0.061225,106.000000,93.700000,0.037263,0.227735,59.001340,1.000000,376.000000
490,10.680148,0.565151,1.000000,19830914560,19830914560,39.660527,0.088097,0.174098,0.174098,0.062185,106.000000,98.700000,0.035506,0.220340,56.744261,1.000000,376.000000
500,10.743521,0.569638,1.000000,20255908864,20255908864,40.519251,0.087717,0.171975,0.171975,0.062410,88.000000,98.700000,0.035264,0.226543,59.156078,1.000000,376.000000
510,10.802582,0.573796,1.000000,20670568960,20670568960,41.324166,0.087595,0.173036,0.173036,0.061881,91.000000,96.300000,0.033273,0.235416,55.639884,1.000000,376.000000
520,10.862333,0.578009,1.000000,21090826752,21090826752,42.135009,0.087827,0.176221,0.176221,0.061278,87.000000,97.600000,0.034082,0.237793,55.728115,1.000000,376.000000
530,10.918519,0.582279,1.000000,21490846720,21490846720,42.926485,0.088591,0.177282,0.177282,0.061852,107.000000,92.900000,0.033425,0.211987,58.010343,1.000000,376.000000
540,10.973730,0.586322,1.000000,21898617344,21898617344,43.713911,0.085793,0.169851,0.169851,0.060309,97.000000,94.700000,0.031634,0.216056,54.835610,1.000000,376.000000
550,11.023808,0.590305,1.000000,22277968896,22277968896,44.450371,0.087134,0.168790,0.168790,0.062378,88.000000,88.100000,0.032235,0.255632,56.676288,1.000000,376.000000
560,11.074755,0.594363,1.000000,22665071104,22665071104,45.216662,0.083455,0.161359,0.161359,0.059801,99.000000,89.900000,0.032558,0.213961,56.383806,1.000000,320.000000
570,11.127644,0.598297,1.000000,23071549952,23071549952,46.028695,0.087230,0.168790,0.168790,0.062747,94.000000,94.400000,0.032182,0.223977,59.284472,1.000000,376.000000
580,11.180116,0.602241,1.000000,23476306432,23476306432,46.831777,0.085442,0.165605,0.165605,0.061301,108.000000,94.000000,0.030629,0.204024,56.244199,2.000000,376.000000
590,11.228346,0.606101,1.000000,23869867520,23869867520,47.598931,0.085979,0.171975,0.171975,0.060141,88.000000,91.400000,0.030029,0.231431,56.164021,1.000000,376.000000
600,11.279618,0.609903,1.000000,24291847680,24291847680,48.417555,0.085971,0.171975,0.171975,0.060135,105.000000,98.000000,0.029263,0.212571,54.169398,3.000000,376.000000
610,11.329539,0.613718,1.000000,24700048896,24700048896,49.195110,0.089829,0.170913,0.170913,0.065433,96.000000,94.800000,0.029030,0.194053,53.570613,2.000000,278.000000
620,11.377347,0.617544,1.000000,25097485312,25097485312,49.986423,0.090440,0.179406,0.179406,0.063737,89.000000,92.300000,0.029793,0.216237,57.802680,1.000000,376.000000
630,11.425268,0.621203,1.000000,25507839488,25507839488,50.782028,0.090266,0.178344,0.178344,0.063955,85.000000,95.300000,0.027650,0.210983,53.331674,1.000000,272.000000
640,11.469758,0.624759,1.000000,25901831168,25901831168,51.554006,0.087844,0.177282,0.177282,0.061003,93.000000,91.500000,0.027962,0.211823,55.263838,1.000000,376.000000
650,11.517292,0.628543,1.000000,26311324160,26311324160,52.357785,0.089512,0.178344,0.178344,0.062858,101.000000,95.100000,0.029072,0.206368,58.714818,2.000000,376.000000
660,11.564312,0.632201,1.000000,26717372416,26717372416,53.168930,0.090014,0.178344,0.178344,0.063540,106.000000,94.300000,0.029000,0.196503,58.810592,1.000000,376.000000
670,11.608865,0.635750,1.000000,27110072320,27110072320,53.936084,0.090639,0.176221,0.176221,0.064964,106.000000,91.200000,0.026708,0.202482,54.226694,1.000000,320.000000
680,11.652449,0.639281,1.000000,27498896896,27498896896,54.722400,0.087339,0.175159,0.175159,0.060865,79.000000,90.300000,0.026906,0.228673,56.464430,1.000000,376.000000
690,11.697381,0.642750,1.000000,27907098112,27907098112,55.571879,0.089757,0.180467,0.180467,0.062566,90.000000,94.800000,0.027334,0.208567,58.002805,1.000000,320.000000
700,11.739223,0.646166,1.000000,28308840448,28308840448,56.380229,0.090250,0.176221,0.176221,0.064441,79.000000,93.300000,0.026167,0.217668,55.061601,1.000000,320.000000
710,11.782703,0.649653,1.000000,28717041664,28717041664,57.198378,0.091670,0.180467,0.180467,0.065060,97.000000,94.800000,0.026394,0.196719,58.049344,1.000000,320.000000
720,11.822157,0.652950,1.000000,29111463936,29111463936,57.973279,0.089873,0.176221,0.176221,0.064090,86.000000,91.600000,0.024813,0.207942,54.898735,1.000000,376.000000
730,11.863582,0.656364,1.000000,29505455616,29505455616,58.756653,0.087509,0.169851,0.169851,0.062737,94.000000,91.500000,0.026271,0.200064,56.795448,1.000000,376.000000
740,11.903008,0.659599,1.000000,29906336768,29906336768,59.538971,0.087885,0.175159,0.175159,0.061663,95.000000,93.100000,0.024781,0.187322,54.530826,1.000000,278.000000
750,11.943388,0.662891,1.000000,30312385024,30312385024,60.358869,0.086277,0.166667,0.166667,0.062016,109.000000,94.300000,0.025266,0.191788,58.700032,1.000000,376.000000
760,11.985031,0.666110,1.000000,30737809920,30737809920,61.179341,0.084124,0.164544,0.164544,0.059749,89.000000,98.800000,0.023854,0.182157,55.334861,1.000000,376.000000
770,12.024624,0.669348,1.000000,31142996992,31142996992,61.968187,0.086195,0.170913,0.170913,0.060539,88.000000,94.100000,0.024861,0.196091,57.080502,1.000000,272.000000
780,12.061630,0.672486,1.000000,31535696896,31535696896,62.727727,0.087539,0.171975,0.171975,0.062098,82.000000,91.200000,0.023357,0.213592,55.296719,1.000000,376.000000
790,12.101219,0.675663,1.000000,31949495808,31949495808,63.547805,0.088947,0.176221,0.176221,0.062576,103.000000,96.100000,0.024957,0.184392,59.166166,1.000000,376.000000
800,12.137319,0.678772,1.000000,32338750976,32338750976,64.313112,0.087294,0.173036,0.173036,0.061373,81.000000,90.400000,0.022943,0.226101,54.769613,1.000000,376.000000
810,12.175085,0.681763,1.000000,32757286400,32757286400,65.137782,0.086874,0.171975,0.171975,0.061159,91.000000,97.200000,0.023900,0.204274,57.927841,1.000000,320.000000
820,12.211310,0.684799,1.000000,33155153408,33155153408,65.932396,0.086851,0.169851,0.169851,0.061726,91.000000,92.400000,0.023740,0.180511,59.354590,1.000000,278.000000
830,12.247345,0.687869,1.000000,33554312192,33554312192,66.729420,0.082500,0.162420,0.162420,0.058233,85.000000,92.700000,0.023267,0.206286,57.701815,1.000000,376.000000
840,12.282153,0.690777,1.000000,33965096960,33965096960,67.528331,0.085934,0.165605,0.165605,0.061785,85.000000,95.400000,0.022273,0.201230,55.406051,1.000000,320.000000
850,12.318847,0.693706,1.000000,34388799488,34388799488,68.362165,0.087326,0.168790,0.168790,0.062765,92.000000,98.400000,0.023476,0.189311,60.157243,1.000000,376.000000
860,12.355001,0.696670,1.000000,34804320768,34804320768,69.195338,0.088165,0.173036,0.173036,0.062759,87.000000,96.500000,0.022160,0.201384,57.691520,1.000000,376.000000
870,12.388338,0.699555,1.000000,35200034816,35200034816,69.977958,0.087597,0.167728,0.167728,0.063476,98.000000,91.900000,0.021629,0.177058,56.332478,2.000000,376.000000
880,12.420841,0.702480,1.000000,35591012352,35591012352,70.743770,0.087558,0.166667,0.166667,0.063623,74.000000,90.800000,0.021826,0.209805,55.900439,1.000000,376.000000
890,12.453925,0.705391,1.000000,35981128704,35981128704,71.533343,0.085686,0.164544,0.164544,0.061655,83.000000,90.600000,0.022230,0.208342,58.933556,2.000000,376.000000
900,12.487175,0.708251,1.000000,36381148672,36381148672,72.293674,0.087671,0.173036,0.173036,0.061836,84.000000,92.900000,0.021341,0.206566,57.779545,1.000000,376.000000
910,12.520530,0.711137,1.000000,36778585088,36778585088,73.048265,0.085212,0.167728,0.167728,0.060219,111.000000,92.300000,0.022066,0.173339,60.088784,1.000000,320.000000
920,12.552773,0.713973,1.000000,37185063936,37185063936,73.780277,0.087432,0.169851,0.169851,0.062450,106.000000,94.400000,0.020688,0.173330,55.458946,1.000000,376.000000
930,12.583628,0.716705,1.000000,37578194432,37578194432,74.518343,0.089085,0.175159,0.175159,0.063225,84.000000,91.300000,0.020630,0.206162,57.194926,1.000000,376.000000
940,12.614393,0.719470,1.000000,37974769664,37974769664,75.254723,0.086649,0.173036,0.173036,0.060584,87.000000,92.100000,0.020507,0.190470,57.221500,1.000000,320.000000
950,12.645778,0.722169,1.000000,38389429760,38389429760,76.018447,0.085167,0.170913,0.170913,0.059286,96.000000,96.300000,0.019732,0.185678,54.516709,1.000000,376.000000
960,12.676110,0.724913,1.000000,38792463872,38792463872,76.774796,0.086351,0.175159,0.175159,0.059638,104.000000,93.600000,0.020377,0.165703,56.784400,1.000000,278.000000
970,12.707290,0.727581,1.000000,39201095680,39201095680,77.516124,0.088623,0.175159,0.175159,0.062453,109.000000,94.900000,0.021125,0.168738,60.840485,2.000000,376.000000
980,12.738727,0.730343,1.000000,39610158080,39610158080,78.253116,0.087278,0.176221,0.176221,0.060384,86.000000,95.000000,0.020517,0.183253,59.541275,1.000000,376.000000
990,12.767511,0.732875,1.000000,40013622784,40013622784,78.956657,0.087043,0.174098,0.174098,0.060713,110.000000,93.700000,0.018635,0.151120,53.978685,1.000000,278.000000
1000,12.798558,0.735508,1.000000,40439047680,40439047680,79.707569,0.088787,0.176221,0.176221,0.062487,122.000000,98.800000,0.019325,0.164288,57.295402,1.000000,376.000000
1010,12.826639,0.737979,1.000000,40844234752,40844234752,80.415509,0.087214,0.170913,0.170913,0.062024,91.000000,94.100000,0.018376,0.165204,54.308293,1.000000,376.000000
1020,12.856563,0.740581,1.000000,41263200768,41263200768,81.150969,0.089985,0.178344,0.178344,0.063562,105.000000,97.300000,0.018907,0.163005,57.065586,1.000000,320.000000
1030,12.884020,0.743223,1.000000,41649872384,41649872384,81.824906,0.090532,0.176221,0.176221,0.064867,88.000000,89.800000,0.018995,0.191690,57.508676,1.000000,376.000000
1040,12.912663,0.745700,1.000000,42073574912,42073574912,82.554736,0.089124,0.178344,0.178344,0.062438,112.000000,98.400000,0.018450,0.165281,54.691679,1.000000,376.000000
1050,12.940251,0.748222,1.000000,42469719552,42469719552,83.250352,0.090137,0.176221,0.176221,0.064218,107.000000,92.000000,0.018371,0.155649,56.861507,1.000000,376.000000
1060,12.966549,0.750681,1.000000,42867586560,42867586560,83.931769,0.087826,0.173036,0.173036,0.062171,89.000000,92.400000,0.018003,0.184989,54.741677,1.000000,278.000000
1070,12.992198,0.753048,1.000000,43262870016,43262870016,84.605256,0.087600,0.176221,0.176221,0.061002,87.000000,91.800000,0.017413,0.177217,54.589153,1.000000,376.000000
1080,13.018181,0.755467,1.000000,43664181760,43664181760,85.301323,0.087224,0.177282,0.177282,0.060217,93.000000,93.200000,0.018351,0.161601,55.693835,2.000000,272.000000
1090,13.045006,0.757908,1.000000,44070230016,44070230016,86.011917,0.085978,0.170913,0.170913,0.060386,93.000000,94.300000,0.018096,0.157035,57.225763,1.000000,278.000000
1100,13.070683,0.760315,1.000000,44474555904,44474555904,86.716257,0.087754,0.175159,0.175159,0.061557,102.000000,93.900000,0.017478,0.166262,55.796017,2.000000,376.000000
1110,13.096714,0.762717,1.000000,44884479488,44884479488,87.438643,0.088020,0.174098,0.174098,0.062222,99.000000,95.200000,0.017889,0.168606,57.225113,2.000000,320.000000
1120,13.123159,0.765106,1.000000,45300431360,45300431360,88.169970,0.087099,0.174098,0.174098,0.060983,94.000000,96.600000,0.017471,0.176685,56.434957,1.000000,376.000000
1130,13.148062,0.767402,1.000000,45700020736,45700020736,88.843084,0.087465,0.174098,0.174098,0.061444,102.000000,92.800000,0.017037,0.160849,54.805250,1.000000,376.000000
1140,13.174531,0.769781,1.000000,46118556160,46118556160,89.557783,0.088656,0.173036,0.173036,0.063123,95.000000,97.200000,0.017942,0.187692,57.836786,1.000000,320.000000
1150,13.197825,0.772069,1.000000,46508241920,46508241920,90.221293,0.089023,0.174098,0.174098,0.063339,95.000000,90.500000,0.017364,0.175331,57.640243,1.000000,376.000000
1160,13.221365,0.774291,1.000000,46914290176,46914290176,90.897939,0.088217,0.171975,0.171975,0.063002,104.000000,94.300000,0.016690,0.151027,55.162801,1.000000,376.000000
1170,13.246448,0.776620,1.000000,47333686784,47333686784,91.622153,0.085929,0.163482,0.163482,0.062471,89.000000,97.400000,0.017887,0.183326,60.277915,1.000000,376.000000
1180,13.271422,0.778929,1.000000,47747485696,47747485696,92.316981,0.087216,0.167728,0.167728,0.062936,108.000000,96.100000,0.016984,0.153546,57.311091,2.000000,320.000000
1190,13.294509,0.781155,1.000000,48146213888,48146213888,92.985457,0.089358,0.173036,0.173036,0.064284,90.000000,92.600000,0.016486,0.161706,56.531073,1.000000,376.000000
1200,13.316327,0.783371,1.000000,48520398336,48520398336,93.615143,0.088544,0.173036,0.173036,0.063147,88.000000,86.900000,0.016839,0.180112,57.897945,1.000000,376.000000
1210,13.339386,0.785483,1.000000,48932474880,48932474880,94.299749,0.088277,0.174098,0.174098,0.062426,98.000000,95.700000,0.015968,0.151179,55.147944,1.000000,376.000000
