round,clients,D,total_bytes,tau,pre_clip_norm_median,frac_clipped,local_loss,coordinate_noise_norm,effective_signal_norm,q_noise_a_energy,q_noise_b_energy,q_noise_cross_energy,q_noise_energy,q_noise_expected_energy,q_noise_expected_cross_energy,float32_residual_norm,q_noise_cold_row_rms,mean_user_norm,score_noise_energy,score_noise_expected_energy,score_noise_rmse,score_noise_relative,margin_noise_rmse,margin_sign_flip_fraction,score_noise_rmse_low,score_noise_rmse_medium,score_noise_rmse_high
1,96,6984,5363712,0.0158040882929,0.035456312106,0,0.693004007141,1.34060462298,0.00451834901245,2.86808272469,0.0884889321379,0.0234154274045,2.93437739422,2.89540297104,0.0268623340763,2.85843977403e-07,0.00530458698113,0.08325509727,0.822239736055,0.804018742485,0.000720378567507,0.515614665409,0.0010044213483,0.152090797505,0.000916013934852,0.000665203534802,0.000518062766226
2,91,6984,10448064,0.0158040882929,0.0530444790624,0.021978021978,0.692616328433,1.32238172843,0.0157667804384,3.10782190276,0.124517871307,0.0284131321555,3.24957549729,3.24943552594,0.0268623340763,3.25011033396e-07,0.00542421847807,0.0898784920573,,,,,,,,,
3,89,6984,15420672,0.0158040882929,0.0599663093972,0.0112359550562,0.692337290959,1.32914855306,0.014518772644,3.52274883446,0.120861199609,0.0248470097694,3.63697692011,3.62427888543,0.0268623340763,3.49292266825e-07,0.0056605679449,0.0967724770308,,,,,,,,,
4,93,6984,20616768,0.0158040882929,0.0700840985647,0.010752688172,0.690072296127,1.29258048593,0.0215437619534,3.6536604602,0.13485801696,0.0241894288699,3.76604439338,3.97826180271,0.0268623340763,3.79328756004e-07,0.00595563275366,0.108316965401,,,,,,,,,
5,107,6984,26595072,0.0158040882929,0.0816385332812,0.0467289719626,0.689423937385,1.31858824703,0.0321437900812,4.1198387946,0.149866234601,0.0257774210072,4.29043816264,4.31100948231,0.0268623340763,4.2398639366e-07,0.0062353321432,0.123092524707,,,,,,,,,
6,106,6984,32517504,0.0158040882929,0.132603195647,0.0188679245283,0.689197790089,1.31746941405,0.0346731825672,4.51470245483,0.162018477828,0.0248953209696,4.74032177488,4.73101920766,0.0268623340763,4.5977305748e-07,0.00653204896177,0.140263989568,,,,,,,,,
7,82,6984,37099008,0.0158040882929,0.168662960334,0.0487804878049,0.685720570204,1.32399302226,0.0392011763343,4.96002995676,0.185057926291,0.0264904864705,5.13783010956,5.14220594485,0.0268623340763,4.84491052922e-07,0.00700690713915,0.157768845558,,,,,,,,,
8,92,6984,42239232,0.0158040882929,0.193131370332,0.0869565217391,0.684195681759,1.32047729215,0.0504731577535,5.30733572561,0.182065228438,0.0244677553532,5.5253886912,5.52139875352,0.0268623340763,5.24053061628e-07,0.00716021193551,0.181811392307,,,,,,,,,
9,103,6984,47994048,0.0158040882929,0.242193610817,0.165048543689,0.674820547119,1.31372860301,0.0712673698574,5.67823272824,0.193588082573,0.0239155982728,5.94530222071,5.95970729366,0.0268623340763,5.5299282641e-07,0.00752493215214,0.21276050806,,,,,,,,,
10,97,6984,53413632,0.0158040882929,0.212133443364,0.0927835051546,0.686086878334,1.31581665646,0.0590273848894,6.02777746448,0.254869375112,0.0293881075329,6.35809321242,6.35623663945,0.0268623340763,5.72096308879e-07,0.00774034843907,0.237596079707,232.983265188,231.53465775,0.0121261773763,0.341012226085,0.0172909529983,0.104871616242,0.0191314438977,0.00756284091808,0.00358680869851
11,97,6984,58833216,0.0158040882929,0.320809645882,0.216494845361,0.662439632183,1.32434037806,0.0874066240027,6.542892636,0.237666809554,0.0262722079352,6.76590769323,6.77679316078,0.0268623340763,6.23146055556e-07,0.00801520708337,0.273399472237,,,,,,,,,
12,83,6984,63470592,0.0158040882929,0.350323671598,0.180722891566,0.651684453948,1.33245267135,0.0791742046348,6.96633683756,0.248153970142,0.0263766280473,7.25854445855,7.11511481707,0.0268623340763,6.53937095118e-07,0.00834848826201,0.300095498562,,,,,,,,,
13,90,6984,68499072,0.0158040882929,0.313111216406,0.266666666667,0.661762557219,1.32563641106,0.0847276068781,7.2745433142,0.308921439486,0.0301811836303,7.61146878119,7.55146818437,0.0268623340763,6.64224330487e-07,0.00843648114482,0.333916574717,,,,,,,,,
14,85,6984,73248192,0.0158040882929,0.342237315532,0.258823529412,0.655644428492,1.30117132602,0.0908362635279,7.39366569306,0.290756335643,0.0258810591085,7.751634636,7.94990697028,0.0268623340763,7.23329526729e-07,0.00860970527252,0.36821654439,,,,,,,,,
15,92,6984,78388416,0.0158040882929,0.342779064422,0.260869565217,0.658239271574,1.29279559729,0.105299468218,7.71702548067,0.283382578069,0.0239489318053,8.08780953256,8.3576981352,0.0268623340763,7.46196250172e-07,0.00862703438892,0.408873528242,,,,,,,,,
16,75,6984,82578816,0.0158040882929,0.511489510153,0.373333333333,0.627897053058,1.32380311061,0.102204230178,8.43232516055,0.322335519049,0.0273213643579,8.87702768019,8.75398888532,0.0268623340763,8.27635459682e-07,0.00898923276237,0.448173910379,,,,,,,,,
17,111,6984,88780608,0.0158040882929,0.446787876988,0.315315315315,0.640322434268,1.31853616078,0.125384139944,8.75164302996,0.384807061181,0.0306195112292,9.22218126507,9.19771751296,0.0268623340763,8.19377788429e-07,0.00934261703958,0.502242147923,,,,,,,,,
18,93,6984,93976704,0.0158040882929,0.77864947038,0.430107526882,0.623637198789,1.30706579803,0.143679966634,9.09356691134,0.35306367701,0.026326528627,9.49602102375,9.6821393332,0.0268623340763,8.85978687903e-07,0.0094177128613,0.554234862328,,,,,,,,,
19,89,6984,98949312,0.0158040882929,0.779944785128,0.426966292135,0.638505090091,1.32155508841,0.14175765224,9.66270176332,0.38212911115,0.0280666222875,10.0602824803,10.0514702765,0.0268623340763,8.94555208804e-07,0.00973321869173,0.614135026932,,,,,,,,,
20,90,6984,103977792,0.0158040882929,0.856330162417,0.444444444444,0.592537770147,1.30992467112,0.158183881993,9.89390889876,0.35088904197,0.0245479667444,10.2258655173,10.4455209776,0.0268623340763,9.14755598816e-07,0.00970054854043,0.656171143055,,,,,,,,,
21,91,6984,109062144,0.0158040882929,0.971638392081,0.483516483516,0.574555265802,1.31354528216,0.156758415707,10.3014116904,0.374180691954,0.0252151232854,10.7131744972,10.818834045,0.0268623340763,9.49506031881e-07,0.00993692011453,0.702010452747,,,,,,,,,
22,88,6984,113978880,0.0158040882929,1.08153173875,0.522727272727,0.599277572499,1.32961684418,0.186888011547,10.9999349567,0.379562446106,0.025275077921,11.3550694272,11.2555283463,0.0268623340763,9.80714490332e-07,0.0102513697482,0.753170192242,,,,,,,,,
23,112,6984,120236544,0.0158040882929,1.11558577393,0.535714285714,89.014380758,1.32324755988,0.213872375391,11.1396022111,0.500626212737,0.0316881285663,11.5266086595,11.6359521195,0.0268623340763,1.01398802235e-06,0.0107099137505,7.76148891449,,,,,,,,,
24,90,6984,125265024,0.0158040882929,1.57508407678,0.622222222222,0.557953356218,1.33533499117,0.236245794108,11.7383422154,0.521951899751,0.0326735625908,12.3395250346,12.034714294,0.0268623340763,1.04778119416e-06,0.010680658293,7.81786632538,,,,,,,,,
25,86,6984,130070016,0.0158040882929,1.35858075487,0.53488372093,0.557602814203,1.31044365071,0.220019892068,11.8405532238,0.448970341551,0.0262097221252,12.2730689392,12.5231530211,0.0268623340763,1.10598275881e-06,0.0103548362548,7.87066745758,130709211.365,129317915.418,9.08269331371,0.241844452535,11.6765913633,0.0684215764331,15.6078295727,0.044810067995,0.0240611878465
26,86,6984,134875008,0.0158040882929,1.3892419563,0.651162790698,5.53727749672,1.32895100908,0.234856305752,12.6189853269,0.514316923934,0.0293866721683,13.2033265812,12.999504534,0.0268623340763,1.16034052966e-06,0.0113103339244,7.9258480072,,,,,,,,,
27,97,6984,140294592,0.0158040882929,1.86950267649,0.690721649485,0.536198785357,1.30631715249,0.254518453609,12.6429276467,0.527665680793,0.0280838860049,13.1648894435,13.5077947923,0.0268623340763,1.1729623167e-06,0.0107423491317,7.98884439468,,,,,,,,,
28,76,6984,144540864,0.0158040882929,2.43461804307,0.789473684211,0.503664728165,1.33330460314,0.222702160747,13.5382861535,0.587091610243,0.0313256521822,14.1976741992,13.9044444472,0.0268623340763,1.19689786258e-06,0.0115419794317,8.04398822784,,,,,,,,,
29,91,6984,149625216,0.0158040882929,2.29076901661,0.736263736264,0.498476903595,1.31124928105,0.262549632587,13.6351880014,0.51861128432,0.0259458605917,14.1624386424,14.38395282,0.0268623340763,1.21713433803e-06,0.0114903116259,8.10245800018,,,,,,,,,
30,84,6984,154318464,0.0158040882929,1.94517532523,0.738095238095,0.505283571471,1.34087142942,0.237697816731,14.7884668337,0.475369126152,0.0243330637631,15.1036416924,14.8412797116,0.0268623340763,1.394309863e-06,0.0117638700009,8.15487575531,,,,,,,,,
31,90,6984,159346944,0.0158040882929,2.86123678486,0.8,0.47519859881,1.33587197667,0.28940186479,14.8957543636,0.693290956672,0.0340491916246,15.5793451086,15.2695539916,0.0268623340763,1.3447526746e-06,0.011675342962,8.20772743225,,,,,,,,,
32,97,6984,164766528,0.0158040882929,2.66707029267,0.845360824742,0.468319595891,1.32863934442,0.313419183507,15.2669300151,0.566998633214,0.0270052040754,15.8612408104,15.6757925089,0.0268623340763,1.41524655014e-06,0.0122927314296,8.27390861511,,,,,,,,,
33,97,6984,170186112,0.0158040882929,2.90180522117,0.814432989691,0.472831571984,1.33776646206,0.312097184891,15.9804539911,0.563633659222,0.0265283441371,16.4261994959,16.1197137658,0.0268623340763,1.4392887165e-06,0.0120344942559,8.3427324295,,,,,,,,,
34,96,6984,175549824,0.0158040882929,2.83450002792,0.854166666667,0.455835812027,1.31452470295,0.321191199427,15.6777253779,0.602346691624,0.0268383322451,16.3558893496,16.4391851154,0.0268623340763,1.458631172e-06,0.0126928551334,8.40637207031,,,,,,,,,
35,89,6984,180522432,0.0158040882929,3.43986981055,0.898876404494,0.407065562815,1.32645001111,0.317856353709,16.3391537501,0.713765723234,0.0315135832742,17.1600652883,16.9336480911,0.0268623340763,1.51091016541e-06,0.0123851915169,8.46227359772,,,,,,,,,
36,99,6984,186053760,0.0158040882929,3.2422234961,0.878787878788,4.75956441496,1.30816734118,0.328250513844,16.5060761917,0.640082798931,0.0266087023923,17.0986921263,17.4372131012,0.0268623340763,1.50763606701e-06,0.0126992163622,8.51994991302,,,,,,,,,
37,84,6984,190747008,0.0158040882929,2.80873576279,0.928571428571,0.448879583598,1.32357615811,0.350743611743,17.1564133276,0.744267927386,0.0306443796509,18.1180237377,17.861439731,0.0268623340763,1.56536568026e-06,0.0131818010383,8.58037471771,,,,,,,,,
38,89,6984,195719616,0.0158040882929,3.43760977714,0.943820224719,0.41271463831,1.32783644229,0.338705283533,17.8714652166,0.700503863741,0.0284592530733,18.6602504121,18.4147618043,0.0268623340763,1.67999444473e-06,0.0130065192413,8.63311100006,,,,,,,,,
39,99,6984,201250944,0.0158040882929,3.29862231096,0.959595959596,0.409579759362,1.34197812352,0.349451235298,18.8466117863,0.649634495241,0.0262123408357,19.4130970517,18.9222269499,0.0268623340763,1.6076592356e-06,0.0134507387613,8.69308662415,,,,,,,,,
40,98,6984,206726400,0.0158040882929,3.53809168999,0.969387755102,0.389762958205,1.31862759501,0.381459141563,18.7584714443,0.642006249409,0.0240539830043,19.4625875851,19.428755237,0.0268623340763,1.85450565662e-06,0.0137003818728,8.74526691437,,,,,,,,,
41,114,6984,213095808,0.0158040882929,3.75078636136,0.929824561404,0.385541230509,1.30576585806,0.399424042039,18.7927434083,0.725156726562,0.0260334460083,19.6548451845,19.9402657049,0.0268623340763,1.76831730888e-06,0.0136027372102,8.80669212341,,,,,,,,,
42,86,6984,217900800,0.0158040882929,3.48004096711,0.906976744186,0.403795645679,1.32710016112,0.342254285794,19.8373279671,0.809229188802,0.0292209251016,20.6025827639,20.4723534834,0.0268623340763,1.7704163709e-06,0.0137600283327,8.85951137543,,,,,,,,,
43,80,6984,222370560,0.0158040882929,3.97291542183,0.975,0.373803136417,1.31171300735,0.317811352855,19.844106353,0.730774788788,0.0252900091159,20.5077106744,20.8759104039,0.0268623340763,1.84950589576e-06,0.0138698293793,8.90145587921,,,,,,,,,
44,97,6984,227790144,0.0158040882929,3.99692530631,0.989690721649,0.350751451254,1.33305463661,0.375814986837,20.7712711708,0.829369965432,0.0288849641818,21.5960421105,21.2300618129,0.0268623340763,1.85016855533e-06,0.0139512721892,8.93957233429,,,,,,,,,
45,93,6984,232986240,0.0158040882929,4.42459043004,0.967741935484,0.354436580122,1.32756950229,0.32450907623,21.0797410409,0.725338322565,0.0251476278583,21.8472549413,21.606356363,0.0268623340763,1.92237796896e-06,0.0143331152973,8.98162937164,,,,,,,,,
46,102,6984,238685184,0.0158040882929,3.60331936726,0.960784313725,0.356696047299,1.29859177908,0.422873538608,20.6341567337,0.712439567497,0.0227484970684,21.2659227687,22.124936676,0.0268623340763,1.9007999478e-06,0.0139853809918,9.03187942505,,,,,,,,,
47,93,6984,243881280,0.0158040882929,3.92308406676,0.989247311828,4.94088324602,1.31145114933,0.401140266538,21.3760007149,0.78844081454,0.0256402353332,22.1794043667,22.5689592851,0.0268623340763,2.0810154773e-06,0.0135942602683,9.06826400757,,,,,,,,,
48,90,6984,248909760,0.0158040882929,4.10404186912,1,0.336123626761,1.32901063995,0.34420890146,22.3601124473,0.8477182222,0.0274869108838,23.3290368502,22.9700405701,0.0268623340763,2.00781617462e-06,0.0146467005394,9.10818576813,,,,,,,,,
49,86,6984,253714752,0.0158040882929,4.26874507968,0.976744186047,5.30653244441,1.32526337963,0.335390656513,22.7453143627,0.854612965085,0.027315445671,23.8217975853,23.484125776,0.0268623340763,2.07620985396e-06,0.0152267033243,9.14231395721,,,,,,,,,
50,110,6984,259860672,0.0158040882929,3.87140920584,0.981818181818,0.350965645427,1.33915247351,0.425523344326,23.9435496765,0.937596465188,0.0294812076653,24.797832759,24.0612645538,0.0268623340763,2.14940593622e-06,0.0150339668318,9.19613265991,282250818.999,259877936.106,13.3468616362,0.173485524374,18.5924433345,0.0532195461783,22.9346250833,0.156149467452,0.139138981523
