round,wall_time_s,mean_user_norm,item_norm_mean,A_fro,B_fro,frac_clients_ever_sampled,cum_download_bytes,cum_upload_bytes,val_ndcg@10,val_hr@10,val_recall@10,val_mrr@10,local_loss,mean_clients_per_round
0,0.000003,0.079674,0.080893,3.616371,3.616371,0.000000,0,0,0.003625,0.009554,0.009554,0.001891,,
10,0.485525,0.085746,0.080936,3.617295,3.617295,0.641189,104815872,104815872,0.003379,0.008493,0.008493,0.001862,0.693004,93.800000
20,0.942412,0.095519,0.081053,3.619788,3.619788,0.869427,208402560,208402560,0.002472,0.005308,0.005308,0.001666,0.692762,92.700000
30,1.437062,0.107297,0.081223,3.623462,3.623462,0.959660,310424832,310424832,0.002229,0.004246,0.004246,0.001628,0.692574,91.300000
40,1.921124,0.122993,0.081484,3.629100,3.629100,0.983015,417587328,417587328,0.003267,0.007431,0.007431,0.002062,0.692253,95.900000
50,2.374821,0.143151,0.081971,3.639710,3.639710,0.996815,523744128,523744128,0.003911,0.007431,0.007431,0.002840,0.691144,95.000000
60,2.839292,0.165676,0.082599,3.653389,3.653389,0.997877,631018368,631018368,0.004079,0.009554,0.009554,0.002504,0.690347,96.000000
70,3.266276,0.191100,0.083449,3.672376,3.672376,1.000000,733040640,733040640,0.004279,0.007431,0.007431,0.003338,0.689265,91.300000
80,3.705375,0.217303,0.084368,3.692283,3.692283,1.000000,835398144,835398144,0.005079,0.009554,0.009554,0.003754,0.689290,91.600000
90,4.173251,0.254055,0.085904,3.726050,3.726050,1.000000,944125056,944125056,0.009543,0.022293,0.022293,0.005778,0.686580,97.300000
100,4.639115,0.296178,0.087889,3.769857,3.769857,1.000000,1051958016,1051958016,0.015241,0.028662,0.028662,0.011082,0.684243,96.500000
110,5.088130,0.345013,0.090518,3.826797,3.826797,1.000000,1154985984,1154985984,0.021821,0.041401,0.041401,0.015759,0.682764,92.200000
120,5.519900,0.404558,0.094589,3.913061,3.913061,1.000000,1255108608,1255108608,0.028548,0.056263,0.056263,0.020061,0.675734,89.600000
130,5.987085,0.493210,0.101240,4.046726,4.046726,1.000000,1365064704,1365064704,0.037504,0.074310,0.074310,0.026320,0.664782,98.400000
140,6.493471,0.612931,0.112360,4.245838,4.245838,1.000000,1476808704,1476808704,0.039670,0.078556,0.078556,0.027744,0.646383,100.000000
150,6.927834,0.762964,0.131761,4.537568,4.537568,1.000000,1577266560,1577266560,0.043578,0.087049,0.087049,0.030360,0.614601,89.900000
160,7.376116,0.959447,0.164591,4.929781,4.929781,1.000000,1679065344,1679065344,0.047609,0.102972,0.102972,0.031036,0.558286,91.100000
170,7.826049,1.190235,0.215568,5.379035,5.379035,1.000000,1783545984,1783545984,0.048322,0.104034,0.104034,0.031565,0.483018,93.500000
180,8.292227,1.438382,0.286572,5.835077,5.835077,1.000000,1892831616,1892831616,0.047801,0.101911,0.101911,0.031571,0.402002,97.800000
190,8.758255,1.652756,0.370771,6.246045,6.246045,1.000000,1997424000,1997424000,0.048905,0.105096,0.105096,0.032030,0.332674,93.600000
200,9.214257,1.823594,0.453298,6.578312,6.578312,1.000000,2103580800,2103580800,0.051648,0.109342,0.109342,0.034343,0.277695,95.000000
210,9.649143,1.939584,0.518661,6.816985,6.816984,1.000000,2203479936,2203479936,0.052802,0.112527,0.112527,0.034878,0.244094,89.400000
220,10.086527,2.033222,0.572944,7.006239,7.006238,1.000000,2306843136,2306843136,0.051824,0.109342,0.109342,0.034428,0.217099,92.500000
230,10.575116,2.115920,0.618513,7.164215,7.164216,1.000000,2418810624,2418810624,0.053251,0.116773,0.116773,0.034147,0.205672,100.200000
240,11.052177,2.178323,0.653500,7.284975,7.284975,1.000000,2530219392,2530219392,0.053530,0.112527,0.112527,0.035665,0.194253,99.700000
250,11.515887,2.232310,0.682870,7.394975,7.394975,1.000000,2639952000,2639952000,0.054268,0.114650,0.114650,0.036069,0.186942,98.200000
260,11.968644,2.278526,0.708916,7.497140,7.497140,1.000000,2743650432,2743650432,0.054634,0.116773,0.116773,0.035962,0.184852,92.800000
270,12.428931,2.322559,0.733149,7.597385,7.597385,1.000000,2847572352,2847572352,0.052180,0.111465,0.111465,0.034305,0.177416,93.000000
280,12.869120,2.358984,0.750640,7.679228,7.679228,1.000000,2948030208,2948030208,0.052358,0.109342,0.109342,0.035305,0.179272,89.900000
290,13.326262,2.395776,0.769286,7.761561,7.761561,1.000000,3052287360,3052287360,0.050423,0.108280,0.108280,0.033292,0.171626,93.300000
300,13.787051,2.434174,0.788123,7.846284,7.846283,1.000000,3160567296,3160567296,0.052322,0.110403,0.110403,0.034928,0.167055,96.900000
310,14.240028,2.467286,0.803756,7.919710,7.919709,1.000000,3264489216,3264489216,0.051825,0.111465,0.111465,0.033925,0.169620,93.000000
320,14.700360,2.499854,0.817349,7.992461,7.992461,1.000000,3371986944,3371986944,0.048347,0.098726,0.098726,0.033005,0.162997,96.200000
330,15.131891,2.530375,0.834061,8.066259,8.066259,1.000000,3471550848,3471550848,0.050703,0.105096,0.105096,0.034128,0.160570,89.100000
340,15.582683,2.559592,0.848445,8.137260,8.137259,1.000000,3574690560,3574690560,0.053220,0.108280,0.108280,0.036605,0.155269,92.300000
350,16.031314,2.583744,0.859873,8.191283,8.191283,1.000000,3675818880,3675818880,0.051659,0.104034,0.104034,0.035880,0.165695,90.500000
360,16.500323,2.611719,0.872975,8.255213,8.255212,1.000000,3781975680,3781975680,0.049610,0.100849,0.100849,0.034138,0.156676,95.000000
370,16.941568,2.637570,0.885531,8.317149,8.317149,1.000000,3883550976,3883550976,0.052865,0.112527,0.112527,0.034972,0.150524,90.900000
380,17.394801,2.659906,0.896121,8.366310,8.366309,1.000000,3987472896,3987472896,0.052675,0.107219,0.107219,0.036118,0.153466,93.000000
390,17.864442,2.681225,0.906251,8.412470,8.412469,1.000000,4093294464,4093294464,0.050455,0.097665,0.097665,0.036114,0.156960,94.700000
400,18.298580,2.703092,0.918843,8.468201,8.468202,1.000000,4192187904,4192187904,0.049412,0.094480,0.094480,0.035585,0.149027,88.500000
410,18.759113,2.723765,0.928583,8.511779,8.511780,1.000000,4298009472,4298009472,0.049664,0.098726,0.098726,0.034905,0.157435,94.700000
420,19.206351,2.744071,0.938641,8.557812,8.557813,1.000000,4401819648,4401819648,0.048093,0.098726,0.098726,0.032854,0.150570,92.900000
430,19.664423,2.764588,0.948902,8.604744,8.604745,1.000000,4509540864,4509540864,0.051797,0.105096,0.105096,0.035681,0.144329,96.400000
440,20.132225,2.783206,0.958285,8.645689,8.645690,1.000000,4618044288,4618044288,0.045467,0.091295,0.091295,0.031727,0.150617,97.100000
450,20.576449,2.802016,0.968391,8.690868,8.690868,1.000000,4720513536,4720513536,0.048225,0.099788,0.099788,0.032842,0.145960,91.700000
460,21.041062,2.818694,0.976762,8.728078,8.728078,1.000000,4826893824,4826893824,0.052365,0.110403,0.110403,0.035300,0.141780,95.200000
470,21.511980,2.833808,0.984497,8.760362,8.760362,1.000000,4932491904,4932491904,0.050941,0.100849,0.100849,0.035822,0.149384,94.500000
480,21.966655,2.851438,0.992940,8.801805,8.801805,1.000000,5038536960,5038536960,0.047085,0.091295,0.091295,0.033809,0.140831,94.900000
490,22.393270,2.866597,1.000989,8.839285,8.839285,1.000000,5135977728,5135977728,0.050395,0.097665,0.097665,0.036074,0.145397,87.200000
500,22.863243,2.882339,1.008812,8.876819,8.876819,1.000000,5239229184,5239229184,0.051393,0.095541,0.095541,0.038084,0.139868,92.400000
510,23.319201,2.895102,1.014979,8.904055,8.904055,1.000000,5344715520,5344715520,0.052919,0.106157,0.106157,0.037153,0.141318,94.400000
520,23.774496,2.909838,1.022762,8.937490,8.937490,1.000000,5448302208,5448302208,0.055348,0.111465,0.111465,0.038626,0.143101,92.700000
530,24.246384,2.925942,1.030736,8.974965,8.974963,1.000000,5553006336,5553006336,0.050536,0.098726,0.098726,0.036030,0.145238,93.700000
540,24.710008,2.939653,1.036991,9.005461,9.005462,1.000000,5657486976,5657486976,0.050704,0.104034,0.104034,0.034671,0.144008,93.500000
550,25.190709,2.952777,1.043608,9.034822,9.034822,1.000000,5760514944,5760514944,0.048823,0.100849,0.100849,0.033245,0.147496,92.200000
560,25.638670,2.966681,1.050388,9.066640,9.066640,1.000000,5865777792,5865777792,0.049473,0.093418,0.093418,0.036196,0.135550,94.200000
570,26.092298,2.979639,1.056499,9.095912,9.095912,1.000000,5970258432,5970258432,0.048866,0.096603,0.096603,0.034459,0.140656,93.500000
580,26.573896,2.992210,1.061288,9.121446,9.121446,1.000000,6079097088,6079097088,0.047764,0.092357,0.092357,0.034393,0.143005,97.400000
590,27.022493,3.005654,1.067125,9.151960,9.151961,1.000000,6186371328,6186371328,0.049801,0.097665,0.097665,0.035448,0.133993,96.000000
600,27.481174,3.018899,1.073070,9.180618,9.180619,1.000000,6290069760,6290069760,0.050411,0.099788,0.099788,0.035481,0.141925,92.800000
610,27.958380,3.032180,1.079399,9.208802,9.208801,1.000000,6399355392,6399355392,0.047700,0.093418,0.093418,0.033931,0.138380,97.800000
620,28.429311,3.046310,1.086041,9.241393,9.241393,1.000000,6509423232,6509423232,0.049678,0.099788,0.099788,0.034720,0.132443,98.500000
630,28.873447,3.057237,1.090200,9.266116,9.266116,1.000000,6612674688,6612674688,0.050000,0.098726,0.098726,0.035178,0.138888,92.400000
640,29.323356,3.068115,1.095062,9.290683,9.290683,1.000000,6714808704,6714808704,0.051524,0.101911,0.101911,0.036136,0.139070,91.400000
650,29.788881,3.081564,1.100828,9.321021,9.321021,1.000000,6820518528,6820518528,0.052658,0.102972,0.102972,0.037411,0.140538,94.600000
660,30.255042,3.095387,1.107125,9.354758,9.354757,1.000000,6924999168,6924999168,0.053401,0.100849,0.100849,0.039187,0.134690,93.500000
670,30.717814,3.108200,1.112252,9.383621,9.383622,1.000000,7034508288,7034508288,0.053628,0.104034,0.104034,0.038468,0.131960,98.000000
680,31.179055,3.122132,1.117737,9.416829,9.416829,1.000000,7141559040,7141559040,0.053109,0.105096,0.105096,0.037689,0.133836,95.800000
690,31.625174,3.133331,1.122228,9.443831,9.443831,1.000000,7243469568,7243469568,0.051632,0.105096,0.105096,0.035714,0.137729,91.200000
700,32.071924,3.146703,1.127952,9.478326,9.478326,1.000000,7346721024,7346721024,0.055434,0.113588,0.113588,0.038111,0.130429,92.400000
710,32.535905,3.159262,1.132764,9.508055,9.508055,1.000000,7455000960,7455000960,0.058765,0.111465,0.111465,0.043084,0.132723,96.900000
720,32.986584,3.172012,1.137679,9.538664,9.538664,1.000000,7561269504,7561269504,0.055352,0.110403,0.110403,0.038797,0.127390,95.100000
730,33.460294,3.184931,1.141910,9.569278,9.569277,1.000000,7670778624,7670778624,0.052101,0.108280,0.108280,0.035256,0.130356,98.000000
740,33.911324,3.196194,1.146075,9.596170,9.596169,1.000000,7773694848,7773694848,0.049446,0.105096,0.105096,0.032623,0.134222,92.100000
750,34.429004,3.209420,1.150495,9.625713,9.625713,1.000000,7885438848,7885438848,0.055212,0.111465,0.111465,0.038264,0.132090,100.000000
760,34.890376,3.223011,1.154586,9.658202,9.658202,1.000000,7993495296,7993495296,0.055268,0.111465,0.111465,0.038269,0.132038,96.700000
770,35.358915,3.235560,1.158617,9.687592,9.687591,1.000000,8102445696,8102445696,0.053253,0.111465,0.111465,0.035728,0.132348,97.500000
780,35.817895,3.248733,1.162850,9.720271,9.720271,1.000000,8208602496,8208602496,0.058799,0.122081,0.122081,0.039942,0.129197,95.000000
790,36.268666,3.263348,1.168260,9.757466,9.757466,1.000000,8313753600,8313753600,0.054163,0.108280,0.108280,0.038072,0.127052,94.100000
800,36.721871,3.276231,1.171947,9.791072,9.791073,1.000000,8417675520,8417675520,0.053032,0.109342,0.109342,0.036117,0.130124,93.000000
810,37.179878,3.289147,1.175469,9.823175,9.823176,1.000000,8525396736,8525396736,0.049238,0.097665,0.097665,0.034576,0.127268,96.400000
820,37.654256,3.303430,1.179295,9.856725,9.856725,1.000000,8635352832,8635352832,0.049275,0.100849,0.100849,0.033777,0.132165,98.400000
830,38.110431,3.317598,1.183719,9.893169,9.893168,1.000000,8739051264,8739051264,0.055695,0.112527,0.112527,0.038553,0.132842,92.800000
840,38.571305,3.332713,1.188140,9.931390,9.931391,1.000000,8846213760,8846213760,0.055554,0.109342,0.109342,0.039389,0.127082,95.900000
850,39.030059,3.346251,1.192679,9.967869,9.967868,1.000000,8949912192,8949912192,0.056442,0.116773,0.116773,0.038576,0.122766,92.800000
860,39.460483,3.360954,1.197552,10.008690,10.008690,1.000000,9051599232,9051599232,0.054091,0.114650,0.114650,0.035984,0.123456,91.000000
870,39.907952,3.374462,1.201936,10.044122,10.044122,1.000000,9155185920,9155185920,0.058597,0.114650,0.114650,0.041621,0.122891,92.700000
880,40.362059,3.388856,1.206837,10.083502,10.083502,1.000000,9260448768,9260448768,0.054773,0.111465,0.111465,0.037438,0.120460,94.200000
890,40.832112,3.403272,1.210911,10.120196,10.120196,1.000000,9368728704,9368728704,0.057682,0.112527,0.112527,0.041124,0.121751,96.900000
900,41.333732,3.420599,1.216112,10.161336,10.161336,1.000000,9486283392,9486283392,0.057756,0.112527,0.112527,0.041217,0.119736,105.200000
910,41.778140,3.434602,1.221033,10.199844,10.199845,1.000000,9589981824,9589981824,0.057199,0.114650,0.114650,0.039807,0.118837,92.800000
920,42.239478,3.449152,1.225832,10.237086,10.237086,1.000000,9698708736,9698708736,0.059400,0.119958,0.119958,0.040975,0.117806,97.300000
930,42.706438,3.462987,1.229886,10.272591,10.272591,1.000000,9806094720,9806094720,0.055595,0.117834,0.117834,0.036849,0.120795,96.100000
940,43.171523,3.478179,1.234887,10.313168,10.313167,1.000000,9914598144,9914598144,0.057430,0.115711,0.115711,0.039886,0.119502,97.100000
950,43.642317,3.492105,1.239626,10.353623,10.353622,1.000000,10014497280,10014497280,0.060070,0.119958,0.119958,0.042129,0.116236,89.400000
960,44.102316,3.505540,1.244452,10.390056,10.390056,1.000000,10120207104,10120207104,0.058659,0.121019,0.121019,0.040021,0.113448,94.600000
970,44.551121,3.519055,1.249346,10.426798,10.426798,1.000000,10223793792,10223793792,0.060264,0.122081,0.122081,0.041527,0.115518,92.700000
980,45.006303,3.533043,1.254499,10.465333,10.465332,1.000000,10328944896,10328944896,0.059861,0.124204,0.124204,0.040494,0.111189,94.100000
990,45.454733,3.545383,1.258624,10.498756,10.498756,1.000000,10433984256,10433984256,0.056154,0.112527,0.112527,0.039143,0.113634,94.000000
1000,45.900981,3.561261,1.265372,10.544227,10.544227,1.000000,10538800128,10538800128,0.055853,0.112527,0.112527,0.038719,0.105046,93.800000
1010,46.367823,3.573134,1.269464,10.575801,10.575801,1.000000,10642833792,10642833792,0.058913,0.122081,0.122081,0.040000,0.114158,93.100000
1020,46.797187,3.584722,1.273424,10.608395,10.608395,1.000000,10741615488,10741615488,0.053105,0.111465,0.111465,0.035481,0.115149,88.400000
1030,47.260898,3.598568,1.278705,10.645168,10.645169,1.000000,10849448448,10849448448,0.053334,0.110403,0.110403,0.036429,0.109921,96.500000
1040,47.719146,3.611377,1.282935,10.679936,10.679936,1.000000,10952588160,10952588160,0.054434,0.112527,0.112527,0.037106,0.110341,92.300000
1050,48.224007,3.625956,1.288283,10.715916,10.715916,1.000000,11068466688,11068466688,0.055172,0.110403,0.110403,0.038503,0.107996,103.700000
1060,48.666978,3.638617,1.293292,10.752267,10.752267,1.000000,11172947328,11172947328,0.060747,0.123142,0.123142,0.041908,0.106090,93.500000
1070,49.125503,3.650920,1.298131,10.785353,10.785352,1.000000,11281562496,11281562496,0.061957,0.126327,0.126327,0.042712,0.108243,97.200000
1080,49.582344,3.662467,1.302681,10.817150,10.817151,1.000000,11386825344,11386825344,0.060583,0.125265,0.125265,0.041082,0.107591,94.200000
1090,50.027813,3.674668,1.307835,10.851884,10.851884,1.000000,11491194240,11491194240,0.064944,0.132696,0.132696,0.044790,0.102761,93.400000
1100,50.484780,3.685926,1.312522,10.882745,10.882745,1.000000,11595116160,11595116160,0.065118,0.121019,0.121019,0.048024,0.107350,93.000000
1110,50.959519,3.697336,1.317229,10.913350,10.913351,1.000000,11703619584,11703619584,0.062600,0.123142,0.123142,0.044439,0.105824,97.100000
1120,51.416175,3.708533,1.321439,10.944619,10.944619,1.000000,11806088832,11806088832,0.060403,0.126327,0.126327,0.040606,0.107206,91.700000
1130,51.861483,3.719686,1.326241,10.976884,10.976884,1.000000,11911128192,11911128192,0.066459,0.133758,0.133758,0.046167,0.100656,94.000000
1140,52.310936,3.729916,1.329998,11.006282,11.006282,1.000000,12014938368,12014938368,0.056779,0.122081,0.122081,0.037262,0.103399,92.900000
1150,52.743698,3.739862,1.333935,11.034839,11.034840,1.000000,12116178432,12116178432,0.057171,0.117834,0.117834,0.038904,0.102757,90.600000
1160,53.230417,3.750011,1.337285,11.062152,11.062152,1.000000,12219988608,12219988608,0.061580,0.126327,0.126327,0.042045,0.107572,92.900000
1170,53.678527,3.760755,1.341496,11.091866,11.091866,1.000000,12323575296,12323575296,0.056844,0.110403,0.110403,0.040592,0.105240,92.700000
1180,54.127776,3.771554,1.345644,11.123549,11.123549,1.000000,12426938496,12426938496,0.060960,0.118896,0.118896,0.043267,0.101019,92.500000
1190,54.565437,3.780308,1.348717,11.147546,11.147546,1.000000,12530189952,12530189952,0.054634,0.115711,0.115711,0.036333,0.103601,92.400000
1200,55.020680,3.791507,1.353292,11.177948,11.177947,1.000000,12637240704,12637240704,0.056538,0.113588,0.113588,0.039431,0.103517,95.800000
1210,55.467033,3.801758,1.357190,11.207543,11.207544,1.000000,12739486464,12739486464,0.062763,0.126327,0.126327,0.043797,0.103371,91.500000
1220,55.906697,3.812165,1.361412,11.237089,11.237089,1.000000,12842626176,12842626176,0.067812,0.133758,0.133758,0.048154,0.100038,92.300000
1230,56.351777,3.822534,1.365721,11.267124,11.267124,1.000000,12945095424,12945095424,0.065861,0.133758,0.133758,0.045467,0.100574,91.700000
1240,56.802810,3.832977,1.369377,11.295540,11.295541,1.000000,13050358272,13050358272,0.068172,0.133758,0.133758,0.048510,0.103189,94.200000
1250,57.289070,3.844220,1.373880,11.324924,11.324924,1.000000,13162214016,13162214016,0.065360,0.127389,0.127389,0.046648,0.100916,100.100000
1260,57.752648,3.853537,1.377642,11.350382,11.350383,1.000000,13268817792,13268817792,0.062311,0.122081,0.122081,0.044282,0.099841,95.400000
1270,58.211423,3.863993,1.381750,11.379642,11.379643,1.000000,13373521920,13373521920,0.063452,0.124204,0.124204,0.044837,0.100082,93.700000
1280,58.689338,3.874181,1.385173,11.406621,11.406620,1.000000,13485154176,13485154176,0.064912,0.125265,0.125265,0.046643,0.098936,99.900000
1290,59.151035,3.883661,1.388380,11.433453,11.433453,1.000000,13592428416,13592428416,0.063360,0.124204,0.124204,0.045105,0.096541,96.000000
1300,59.604192,3.892656,1.391271,11.458546,11.458545,1.000000,13698808704,13698808704,0.058658,0.119958,0.119958,0.040261,0.098750,95.200000
1310,60.052903,3.902681,1.395358,11.487468,11.487468,1.000000,13803065856,13803065856,0.063609,0.122081,0.122081,0.045904,0.096473,93.300000
1320,60.513089,3.912173,1.398973,11.513478,11.513479,1.000000,13909222656,13909222656,0.061862,0.114650,0.114650,0.045519,0.096466,95.000000
1330,60.994707,3.921760,1.402541,11.538327,11.538327,1.000000,14020631424,14020631424,0.062004,0.116773,0.116773,0.045201,0.098514,99.700000
1340,61.445343,3.930755,1.405334,11.563944,11.563944,1.000000,14126006016,14126006016,0.068464,0.132696,0.132696,0.049228,0.098476,94.300000
1350,61.887067,3.938726,1.408038,11.587744,11.587745,1.000000,14227134336,14227134336,0.063024,0.123142,0.123142,0.044848,0.097193,90.500000
1360,62.365705,3.946243,1.410566,11.609797,11.609797,1.000000,14329491840,14329491840,0.060043,0.121019,0.121019,0.041588,0.101024,91.600000
1370,62.823046,3.955399,1.414549,11.635228,11.635230,1.000000,14432408064,14432408064,0.065726,0.130573,0.130573,0.046201,0.095543,92.100000
1380,63.278768,3.964744,1.417740,11.661663,11.661663,1.000000,14536776960,14536776960,0.065678,0.132696,0.132696,0.045461,0.096806,93.400000
1390,63.708581,3.974478,1.422366,11.692350,11.692350,1.000000,14637905280,14637905280,0.065432,0.128450,0.128450,0.046251,0.089581,90.500000
1400,64.190606,3.983335,1.425028,11.715444,11.715444,1.000000,14748084864,14748084864,0.064274,0.125265,0.125265,0.045847,0.099605,98.600000
1410,64.638761,3.992497,1.428031,11.742722,11.742723,1.000000,14849660160,14849660160,0.065937,0.129512,0.129512,0.046638,0.096039,90.900000
1420,65.094664,4.000763,1.431330,11.766309,11.766309,1.000000,14953358592,14953358592,0.062409,0.119958,0.119958,0.045042,0.095475,92.800000
1430,65.535195,4.009539,1.434477,11.792356,11.792355,1.000000,15056833536,15056833536,0.060083,0.122081,0.122081,0.041363,0.090747,92.600000
1440,65.995133,4.018524,1.437834,11.817399,11.817397,1.000000,15165001728,15165001728,0.065285,0.127389,0.127389,0.046584,0.092434,96.800000
1450,66.439984,4.026586,1.440913,11.840786,11.840787,1.000000,15266912256,15266912256,0.064299,0.125265,0.125265,0.045972,0.094997,91.200000
1460,66.888347,4.034059,1.442957,11.861566,11.861566,1.000000,15370387200,15370387200,0.070930,0.138004,0.138004,0.050844,0.095083,92.600000
1470,67.337555,4.043181,1.446915,11.888984,11.888984,1.000000,15474756096,15474756096,0.064417,0.118896,0.118896,0.048070,0.092630,93.400000
1480,67.788580,4.051616,1.449732,11.914061,11.914062,1.000000,15575772672,15575772672,0.066448,0.131635,0.131635,0.047074,0.093596,90.400000
1490,68.256663,4.060244,1.451973,11.937597,11.937597,1.000000,15685505280,15685505280,0.069048,0.130573,0.130573,0.050433,0.094420,98.200000
1500,68.707091,4.069361,1.455306,11.964103,11.964103,1.000000,15789538944,15789538944,0.071872,0.136943,0.136943,0.052364,0.090649,93.100000
1510,69.150520,4.077130,1.458377,11.986789,11.986788,1.000000,15894354816,15894354816,0.068741,0.132696,0.132696,0.049584,0.091066,93.800000
1520,69.616962,4.085666,1.461561,12.011170,12.011170,1.000000,16001293824,16001293824,0.064917,0.125265,0.125265,0.046685,0.089491,95.700000
1530,70.083580,4.094265,1.464850,12.034698,12.034699,1.000000,16108679808,16108679808,0.068749,0.132696,0.132696,0.049522,0.094596,96.100000
1540,70.544549,4.102806,1.467732,12.059600,12.059600,1.000000,16215283584,16215283584,0.064405,0.124204,0.124204,0.046412,0.091398,95.400000
1550,71.003618,4.110603,1.470187,12.081668,12.081668,1.000000,16321440384,16321440384,0.067548,0.129512,0.129512,0.048800,0.092003,95.000000
1560,71.462461,4.118351,1.472958,12.103453,12.103454,1.000000,16428826368,16428826368,0.066414,0.126327,0.126327,0.048412,0.092005,96.100000
1570,71.944449,4.128067,1.476293,12.131687,12.131688,1.000000,16537218048,16537218048,0.060069,0.122081,0.122081,0.041438,0.087702,97.000000
1580,72.407235,4.136817,1.479617,12.156245,12.156245,1.000000,16645051008,16645051008,0.065698,0.124204,0.124204,0.047973,0.089263,96.500000
1590,72.872433,4.145205,1.482836,12.178858,12.178858,1.000000,16751766528,16751766528,0.067128,0.135881,0.135881,0.046560,0.090501,95.500000
1600,73.326985,4.153618,1.485643,12.203378,12.203377,1.000000,16857252864,16857252864,0.065450,0.129512,0.129512,0.046117,0.089020,94.400000
1610,73.757131,4.160074,1.487319,12.222732,12.222732,1.000000,16960392576,16960392576,0.063147,0.125265,0.125265,0.044425,0.089589,92.300000
1620,74.215726,4.168330,1.490753,12.246698,12.246697,1.000000,17064761472,17064761472,0.068538,0.135881,0.135881,0.048299,0.088131,93.400000
1630,74.662665,4.176140,1.493150,12.269643,12.269643,1.000000,17169577344,17169577344,0.066392,0.129512,0.129512,0.047558,0.088839,93.800000
1640,75.147892,4.184403,1.495806,12.291599,12.291599,1.000000,17282997504,17282997504,0.067051,0.131635,0.131635,0.047511,0.088331,101.500000
1650,75.625482,4.192796,1.498580,12.314903,12.314903,1.000000,17392730112,17392730112,0.065922,0.133758,0.133758,0.045570,0.085621,98.200000
1660,76.068792,4.200492,1.501256,12.337751,12.337752,1.000000,17496205056,17496205056,0.065042,0.132696,0.132696,0.044813,0.086729,92.600000
1670,76.553463,4.209319,1.504651,12.362200,12.362201,1.000000,17606496384,17606496384,0.070652,0.133758,0.133758,0.051334,0.085879,98.700000
1680,77.030700,4.217280,1.507509,12.383457,12.383458,1.000000,17718352128,17718352128,0.078785,0.154989,0.154989,0.055732,0.086809,100.100000
1690,77.496744,4.224776,1.509586,12.405149,12.405149,1.000000,17827637760,17827637760,0.072394,0.138004,0.138004,0.052547,0.085066,97.800000
1700,77.981898,4.233936,1.512732,12.430442,12.430442,1.000000,17939493504,17939493504,0.066098,0.139066,0.139066,0.044399,0.087757,100.100000
1710,78.451250,4.241910,1.515234,12.453384,12.453384,1.000000,18045315072,18045315072,0.070652,0.148620,0.148620,0.047442,0.087562,94.700000
1720,78.908577,4.249010,1.517477,12.474234,12.474235,1.000000,18150130944,18150130944,0.073887,0.145435,0.145435,0.052569,0.086724,93.800000
1730,79.361920,4.257577,1.520962,12.499753,12.499754,1.000000,18253829376,18253829376,0.066097,0.134820,0.134820,0.045506,0.085753,92.800000
1740,79.799885,4.264725,1.523965,12.521169,12.521169,1.000000,18355628160,18355628160,0.067150,0.132696,0.132696,0.047216,0.087636,91.100000
1750,80.260965,4.272639,1.526556,12.543745,12.543745,1.000000,18462790656,18462790656,0.071301,0.145435,0.145435,0.049129,0.085516,95.900000
1760,80.697755,4.279679,1.529896,12.565236,12.565237,1.000000,18562354560,18562354560,0.068317,0.138004,0.138004,0.047655,0.088170,89.100000
1770,81.189567,4.288474,1.533093,12.590751,12.590750,1.000000,18671193216,18671193216,0.065190,0.133758,0.133758,0.044486,0.082333,97.400000
1780,81.649803,4.296161,1.536291,12.613379,12.613379,1.000000,18776456064,18776456064,0.061510,0.126327,0.126327,0.041975,0.083641,94.200000
1790,82.109934,4.303989,1.539354,12.636330,12.636330,1.000000,18880489728,18880489728,0.070354,0.142251,0.142251,0.048701,0.085370,93.100000
1800,82.566424,4.311560,1.541739,12.658356,12.658356,1.000000,18985752576,18985752576,0.070891,0.142251,0.142251,0.049399,0.086127,94.200000
1810,83.029020,4.318419,1.543938,12.677744,12.677745,1.000000,19089897984,19089897984,0.071609,0.145435,0.145435,0.049307,0.087100,93.200000
1820,83.492313,4.325397,1.545985,12.697738,12.697738,1.000000,19195719552,19195719552,0.071645,0.140127,0.140127,0.050953,0.085738,94.700000
1830,83.956959,4.333043,1.548353,12.720158,12.720157,1.000000,19303440768,19303440768,0.071636,0.146497,0.146497,0.049462,0.080905,96.400000
1840,84.405317,4.341023,1.551408,12.744512,12.744513,1.000000,19407586176,19407586176,0.073647,0.147558,0.147558,0.051275,0.084996,93.200000
1850,84.869232,4.347716,1.553539,12.763943,12.763943,1.000000,19512290304,19512290304,0.066014,0.134820,0.134820,0.045144,0.084302,93.700000
1860,85.329806,4.356268,1.556448,12.788888,12.788888,1.000000,19618111872,19618111872,0.063577,0.131635,0.131635,0.042966,0.082692,94.700000
1870,85.756956,4.363805,1.560002,12.813766,12.813766,1.000000,19715776128,19715776128,0.066040,0.133758,0.133758,0.045733,0.082083,87.400000
1880,86.215637,4.371737,1.562663,12.836799,12.836798,1.000000,19822379904,19822379904,0.068664,0.138004,0.138004,0.047619,0.081509,95.400000
1890,86.648266,4.378573,1.565312,12.858730,12.858730,1.000000,19924066944,19924066944,0.069823,0.135881,0.135881,0.050064,0.081779,91.000000
1900,87.096460,4.385702,1.568145,12.880813,12.880813,1.000000,20025195264,20025195264,0.068599,0.142251,0.142251,0.046418,0.080496,90.500000
1910,87.568858,4.393071,1.570070,12.901593,12.901593,1.000000,20133363456,20133363456,0.070354,0.139066,0.139066,0.049626,0.084058,96.800000
1920,88.021522,4.400666,1.572538,12.923990,12.923990,1.000000,20237285376,20237285376,0.066692,0.135881,0.135881,0.045902,0.083307,93.000000
1930,88.498419,4.407823,1.575118,12.945090,12.945090,1.000000,20341766016,20341766016,0.064518,0.125265,0.125265,0.046300,0.083421,93.500000
1940,88.942871,4.414360,1.578080,12.965287,12.965287,1.000000,20443564800,20443564800,0.069012,0.141189,0.141189,0.047560,0.082670,91.100000
1950,89.387454,4.421507,1.580708,12.987742,12.987742,1.000000,20546034048,20546034048,0.069142,0.146497,0.146497,0.046236,0.077098,91.700000
1960,89.843298,4.427460,1.582322,13.005863,13.005864,1.000000,20652302592,20652302592,0.069396,0.142251,0.142251,0.047441,0.080082,95.100000
1970,90.297715,4.434938,1.585546,13.027288,13.027288,1.000000,20758794624,20758794624,0.067297,0.140127,0.140127,0.045247,0.080258,95.300000
1980,90.755735,4.442288,1.588588,13.050547,13.050547,1.000000,20861040384,20861040384,0.077079,0.150743,0.150743,0.055016,0.080585,91.500000
1990,91.208994,4.449520,1.591077,13.072287,13.072288,1.000000,20966526720,20966526720,0.071979,0.147558,0.147558,0.049211,0.078832,94.400000
2000,91.669982,4.455359,1.592676,13.089405,13.089406,1.000000,21070560384,21070560384,0.072103,0.148620,0.148620,0.049244,0.080709,93.100000
2010,92.149272,4.462830,1.595343,13.110520,13.110520,1.000000,21179734272,21179734272,0.071184,0.147558,0.147558,0.048293,0.082110,97.700000
2020,92.576089,4.470065,1.598128,13.134770,13.134771,1.000000,21279856896,21279856896,0.067449,0.141189,0.141189,0.045420,0.074861,89.600000
2030,93.028579,4.476885,1.600880,13.156402,13.156402,1.000000,21382773120,21382773120,0.065984,0.136943,0.136943,0.044795,0.076975,92.100000
2040,93.479739,4.484364,1.603781,13.179002,13.179001,1.000000,21486583296,21486583296,0.070281,0.149682,0.149682,0.046630,0.078431,92.900000
2050,93.912128,4.490204,1.606125,13.197916,13.197916,1.000000,21587264640,21587264640,0.073698,0.146497,0.146497,0.051953,0.078195,90.100000
2060,94.368761,4.496657,1.607447,13.216463,13.216463,1.000000,21694985856,21694985856,0.069794,0.148620,0.148620,0.046495,0.079433,96.400000
2070,94.822238,4.503546,1.609372,13.236507,13.236507,1.000000,21800807424,21800807424,0.071119,0.143312,0.143312,0.049245,0.078882,94.700000
2080,95.293773,4.510152,1.610890,13.255202,13.255202,1.000000,21908193408,21908193408,0.071231,0.145435,0.145435,0.049056,0.080852,96.100000
2090,95.759974,4.517402,1.613244,13.275908,13.275908,1.000000,22019825664,22019825664,0.076389,0.156051,0.156051,0.052538,0.075726,99.900000
2100,96.211971,4.524904,1.616530,13.297938,13.297937,1.000000,22127435136,22127435136,0.076920,0.160297,0.160297,0.051935,0.075466,96.300000
2110,96.657884,4.531720,1.619140,13.318968,13.318968,1.000000,22233033216,22233033216,0.072523,0.151805,0.151805,0.048953,0.076745,94.500000
2120,97.083064,4.538680,1.621732,13.341772,13.341772,1.000000,22331479680,22331479680,0.073362,0.152866,0.152866,0.049538,0.077307,88.100000
2130,97.538975,4.545771,1.624460,13.363476,13.363476,1.000000,22436407296,22436407296,0.076761,0.159236,0.159236,0.052190,0.075843,93.900000
2140,98.003374,4.552768,1.626633,13.383965,13.383966,1.000000,22544798976,22544798976,0.074615,0.152866,0.152866,0.051058,0.077302,97.000000
2150,98.440387,4.558615,1.628580,13.403256,13.403256,1.000000,22644809856,22644809856,0.076886,0.151805,0.151805,0.054343,0.078258,89.500000
2160,98.902321,4.564942,1.630718,13.422256,13.422256,1.000000,22750743168,22750743168,0.074700,0.151805,0.151805,0.051565,0.075482,94.800000
2170,99.361681,4.571377,1.633390,13.441507,13.441506,1.000000,22856452992,22856452992,0.076907,0.149682,0.149682,0.054965,0.076479,94.600000
2180,99.820093,4.578137,1.635522,13.461344,13.461344,1.000000,22964285952,22964285952,0.074581,0.153928,0.153928,0.050671,0.073409,96.500000
2190,100.258637,4.584958,1.638254,13.483536,13.483537,1.000000,23063179392,23063179392,0.071726,0.150743,0.150743,0.048170,0.075342,88.500000
2200,100.695598,4.591503,1.640404,13.503396,13.503396,1.000000,23166766080,23166766080,0.075312,0.154989,0.154989,0.051498,0.075848,92.700000
2210,101.174664,4.597802,1.642403,13.521058,13.521058,1.000000,23276722176,23276722176,0.075146,0.150743,0.150743,0.052468,0.075353,98.400000
2220,101.637021,4.604818,1.644971,13.541674,13.541673,1.000000,23386454784,23386454784,0.077429,0.156051,0.156051,0.054008,0.072935,98.200000
2230,102.090285,4.611939,1.648345,13.564327,13.564327,1.000000,23489147520,23489147520,0.070878,0.141189,0.141189,0.049845,0.073858,91.900000
2240,102.538144,4.617898,1.650522,13.583183,13.583185,1.000000,23591505024,23591505024,0.070952,0.141189,0.141189,0.049928,0.075608,91.600000
2250,103.004486,4.625050,1.653093,13.603839,13.603839,1.000000,23700790656,23700790656,0.077558,0.154989,0.154989,0.054317,0.072320,97.800000
2260,103.464788,4.630954,1.654993,13.620891,13.620891,1.000000,23808623616,23808623616,0.073154,0.141189,0.141189,0.052546,0.074748,96.500000
2270,103.922952,4.637672,1.657639,13.640854,13.640854,1.000000,23915003904,23915003904,0.070719,0.150743,0.150743,0.046666,0.072846,95.200000
2280,104.386052,4.644061,1.659897,13.659444,13.659444,1.000000,24021607680,24021607680,0.071562,0.146497,0.146497,0.049223,0.075710,95.400000
2290,104.827877,4.650353,1.662053,13.679686,13.679686,1.000000,24124635648,24124635648,0.072127,0.146497,0.146497,0.050062,0.071963,92.200000
2300,105.281020,4.656541,1.663774,13.698803,13.698803,1.000000,24230121984,24230121984,0.072744,0.144374,0.144374,0.051371,0.075680,94.400000
2310,105.725582,4.663124,1.666403,13.719578,13.719577,1.000000,24334043904,24334043904,0.072617,0.150743,0.150743,0.049269,0.070628,93.000000
2320,106.216947,4.669450,1.668126,13.737860,13.737860,1.000000,24445340928,24445340928,0.078044,0.158174,0.158174,0.053932,0.074613,99.600000
2330,106.679343,4.676072,1.670752,13.758677,13.758677,1.000000,24547139712,24547139712,0.077843,0.162420,0.162420,0.052465,0.073574,91.100000
2340,107.140431,4.682621,1.673609,13.779279,13.779280,1.000000,24651285120,24651285120,0.074428,0.153928,0.153928,0.050787,0.072664,93.200000
2350,107.586720,4.688527,1.676033,13.798734,13.798735,1.000000,24752413440,24752413440,0.074358,0.151805,0.151805,0.051399,0.072763,90.500000
2360,108.023842,4.694234,1.677817,13.817434,13.817434,1.000000,24853541760,24853541760,0.071976,0.145435,0.145435,0.049919,0.073280,90.500000
2370,108.486740,4.700537,1.679978,13.836335,13.836335,1.000000,24961598208,24961598208,0.076987,0.156051,0.156051,0.053250,0.072550,96.700000
2380,108.925478,4.706585,1.682336,13.856227,13.856227,1.000000,25062726528,25062726528,0.077088,0.156051,0.156051,0.053312,0.069584,90.500000
2390,109.405738,4.712790,1.684745,13.875394,13.875394,1.000000,25167765888,25167765888,0.078417,0.159236,0.159236,0.054170,0.070805,94.000000
2400,109.891672,4.718352,1.686008,13.891386,13.891386,1.000000,25277721984,25277721984,0.077655,0.159236,0.159236,0.053212,0.074898,98.400000
2410,110.362512,4.724953,1.688487,13.911125,13.911126,1.000000,25387566336,25387566336,0.077393,0.154989,0.154989,0.054160,0.068842,98.300000
2420,110.819855,4.731369,1.690709,13.930184,13.930184,1.000000,25494393600,25494393600,0.075897,0.158174,0.158174,0.051228,0.072626,95.600000
2430,111.259051,4.736690,1.692357,13.946543,13.946544,1.000000,25596974592,25596974592,0.075738,0.148620,0.148620,0.053859,0.071856,91.800000
2440,111.721670,4.742954,1.695175,13.965693,13.965693,1.000000,25700226048,25700226048,0.074808,0.151805,0.151805,0.051760,0.071748,92.400000
2450,112.184095,4.748345,1.696435,13.981924,13.981924,1.000000,25805265408,25805265408,0.070341,0.139066,0.139066,0.049269,0.072204,94.000000
2460,112.608312,4.753363,1.698088,13.998711,13.998711,1.000000,25902817920,25902817920,0.073708,0.154989,0.154989,0.049310,0.071789,87.300000
2470,113.084504,4.760732,1.701199,14.020377,14.020377,1.000000,26011880064,26011880064,0.070206,0.142251,0.142251,0.048524,0.069666,97.600000
2480,113.536084,4.766268,1.702868,14.037253,14.037253,1.000000,26117478144,26117478144,0.075569,0.150743,0.150743,0.053167,0.070029,94.500000
2490,113.976707,4.772058,1.705809,14.056413,14.056413,1.000000,26219388672,26219388672,0.077329,0.153928,0.153928,0.054436,0.067434,91.200000
2500,114.433464,4.777882,1.707437,14.074240,14.074240,1.000000,26326886400,26326886400,0.075244,0.149682,0.149682,0.052786,0.070460,96.200000
2510,114.897099,4.782984,1.709095,14.089414,14.089413,1.000000,26431925760,26431925760,0.076793,0.151805,0.151805,0.054106,0.072807,94.000000
2520,115.350636,4.789151,1.711403,14.107795,14.107795,1.000000,26538306048,26538306048,0.076203,0.147558,0.147558,0.054430,0.068840,95.200000
2530,115.804972,4.794548,1.713395,14.124631,14.124631,1.000000,26643010176,26643010176,0.076139,0.150743,0.150743,0.053589,0.069976,93.700000
2540,116.277779,4.799820,1.715267,14.140697,14.140697,1.000000,26749613952,26749613952,0.072969,0.142251,0.142251,0.052078,0.070465,95.400000
2550,116.736528,4.806469,1.718310,14.160706,14.160706,1.000000,26857893888,26857893888,0.079734,0.156051,0.156051,0.056781,0.065867,96.900000
2560,117.192335,4.811770,1.720074,14.176912,14.176912,1.000000,26963715456,26963715456,0.078060,0.153928,0.153928,0.055181,0.069121,94.700000
2570,117.668868,4.817559,1.722014,14.193503,14.193503,1.000000,27074342016,27074342016,0.078549,0.158174,0.158174,0.054606,0.071464,99.000000
2580,118.166730,4.823326,1.723585,14.209824,14.209825,1.000000,27188544384,27188544384,0.078509,0.150743,0.150743,0.056813,0.068925,102.200000
2590,118.655374,4.829019,1.726213,14.228234,14.228234,1.000000,27291684096,27291684096,0.080043,0.157113,0.157113,0.056947,0.068658,92.300000
2600,119.151111,4.834432,1.727788,14.243611,14.243611,1.000000,27405216000,27405216000,0.080091,0.159236,0.159236,0.056344,0.067313,101.600000
2610,119.634498,4.840559,1.730429,14.261901,14.261901,1.000000,27514389888,27514389888,0.079000,0.159236,0.159236,0.054952,0.069123,97.700000
2620,120.128528,4.846148,1.732114,14.277475,14.277475,1.000000,27624904704,27624904704,0.075583,0.153928,0.153928,0.052099,0.072284,98.900000
2630,120.609002,4.851862,1.734590,14.294648,14.294647,1.000000,27734525568,27734525568,0.072985,0.146497,0.146497,0.050678,0.066531,98.100000
2640,121.082237,4.857370,1.736590,14.311251,14.311251,1.000000,27842246784,27842246784,0.076013,0.150743,0.150743,0.053434,0.069635,96.400000
2650,121.541508,4.863522,1.739279,14.330428,14.330429,1.000000,27949968000,27949968000,0.073777,0.145435,0.145435,0.052173,0.066578,96.400000
2660,122.008205,4.869353,1.741583,14.347716,14.347716,1.000000,28059030144,28059030144,0.078216,0.158174,0.158174,0.054247,0.067794,97.600000
2670,122.450372,4.874653,1.743466,14.364645,14.364645,1.000000,28160828928,28160828928,0.078243,0.161359,0.161359,0.053523,0.068429,91.100000
2680,122.914345,4.879706,1.745265,14.379978,14.379978,1.000000,28267320960,28267320960,0.074135,0.150743,0.150743,0.051154,0.067771,95.300000
2690,123.372613,4.884086,1.746400,14.393750,14.393750,1.000000,28369790208,28369790208,0.072423,0.143312,0.143312,0.051113,0.072063,91.700000
2700,123.794495,4.889459,1.749058,14.412585,14.412587,1.000000,28469130624,28469130624,0.077335,0.151805,0.151805,0.054913,0.063356,88.900000
2710,124.244097,4.895534,1.751874,14.432349,14.432349,1.000000,28572940800,28572940800,0.079063,0.160297,0.160297,0.054515,0.064923,92.900000
2720,124.717234,4.900767,1.753736,14.448303,14.448303,1.000000,28680326784,28680326784,0.078345,0.152866,0.152866,0.055767,0.066980,96.100000
2730,125.175185,4.905873,1.755778,14.464111,14.464111,1.000000,28786818816,28786818816,0.080227,0.159236,0.159236,0.056273,0.066158,95.300000
2740,125.635800,4.910941,1.757779,14.480928,14.480927,1.000000,28886941440,28886941440,0.077484,0.153928,0.153928,0.054423,0.066468,89.600000
2750,126.097144,4.916150,1.759807,14.497880,14.497880,1.000000,28988851968,28988851968,0.074680,0.147558,0.147558,0.052786,0.068039,91.200000
2760,126.524374,4.920908,1.761857,14.514791,14.514791,1.000000,29089645056,29089645056,0.071131,0.143312,0.143312,0.049323,0.065367,90.200000
2770,126.995028,4.926319,1.763806,14.531748,14.531747,1.000000,29196360576,29196360576,0.075503,0.149682,0.149682,0.053107,0.066119,95.500000
2780,127.431389,4.930875,1.765607,14.547001,14.547001,1.000000,29297153664,29297153664,0.079425,0.157113,0.157113,0.056384,0.065281,90.200000
2790,127.911093,4.935470,1.766822,14.561210,14.561209,1.000000,29403422208,29403422208,0.072765,0.141189,0.141189,0.052081,0.066749,95.100000
2800,128.412756,4.941211,1.769341,14.578086,14.578087,1.000000,29514048768,29514048768,0.072081,0.139066,0.139066,0.051958,0.067588,99.000000
2810,128.852298,4.945594,1.770514,14.592457,14.592457,1.000000,29616182784,29616182784,0.074132,0.149682,0.149682,0.051534,0.065409,91.400000
2820,129.307618,4.950610,1.772425,14.608654,14.608653,1.000000,29719657728,29719657728,0.075086,0.150743,0.150743,0.052218,0.067386,92.600000
2830,129.749511,4.955618,1.774445,14.625797,14.625798,1.000000,29822350464,29822350464,0.071785,0.146497,0.146497,0.049221,0.064989,91.900000
2840,130.222477,4.961186,1.776732,14.642725,14.642724,1.000000,29930518656,29930518656,0.071358,0.143312,0.143312,0.049763,0.065934,96.800000
2850,130.679645,4.966008,1.778416,14.657850,14.657849,1.000000,30037457664,30037457664,0.069563,0.142251,0.142251,0.047641,0.064931,95.700000
2860,131.119205,4.970620,1.780329,14.673343,14.673343,1.000000,30138139008,30138139008,0.075530,0.148620,0.148620,0.053472,0.065315,90.100000
2870,131.579611,4.975617,1.782345,14.689059,14.689059,1.000000,30244184064,30244184064,0.073274,0.147558,0.147558,0.050904,0.065552,94.900000
2880,132.034224,4.980765,1.783980,14.705690,14.705690,1.000000,30348441216,30348441216,0.069396,0.140127,0.140127,0.048276,0.065182,93.300000
2890,132.486337,4.985635,1.786273,14.721589,14.721589,1.000000,30451692672,30451692672,0.077311,0.160297,0.160297,0.052458,0.064201,92.400000
2900,132.977533,4.990998,1.788510,14.736830,14.736832,1.000000,30562877952,30562877952,0.076436,0.152866,0.152866,0.053297,0.065662,99.500000
2910,133.470176,4.995524,1.789818,14.750632,14.750631,1.000000,30672051840,30672051840,0.070675,0.140127,0.140127,0.049553,0.064619,97.700000
2920,133.951583,5.000787,1.791795,14.765314,14.765313,1.000000,30782678400,30782678400,0.078265,0.158174,0.158174,0.054185,0.065808,99.000000
2930,134.385783,5.004396,1.792923,14.777361,14.777361,1.000000,30884924160,30884924160,0.074819,0.153928,0.153928,0.050951,0.063322,91.500000
2940,134.860869,5.009412,1.794397,14.792520,14.792521,1.000000,30996109440,30996109440,0.073900,0.153928,0.153928,0.049904,0.064044,99.500000
2950,135.321485,5.013992,1.796347,14.807474,14.807474,1.000000,31101260544,31101260544,0.079843,0.161359,0.161359,0.055473,0.065338,94.100000
2960,135.770845,5.018000,1.796885,14.819896,14.819897,1.000000,31209652224,31209652224,0.080017,0.151805,0.151805,0.058270,0.064348,97.000000
2970,136.219571,5.022795,1.798889,14.836105,14.836106,1.000000,31311562752,31311562752,0.084353,0.162420,0.162420,0.060678,0.063898,91.200000
2980,136.712971,5.027967,1.801146,14.852040,14.852040,1.000000,31420289664,31420289664,0.084448,0.173036,0.173036,0.058094,0.063194,97.300000
2990,137.209345,5.032808,1.803154,14.867908,14.867908,1.000000,31526893440,31526893440,0.084444,0.164544,0.164544,0.060173,0.062591,95.400000
3000,137.747764,5.038876,1.805612,14.885348,14.885349,1.000000,31641542784,31641542784,0.080731,0.158174,0.158174,0.057315,0.062282,102.600000
3010,138.238914,5.043498,1.807090,14.899096,14.899096,1.000000,31748817024,31748817024,0.080860,0.161359,0.161359,0.056742,0.064811,96.000000
3020,138.709141,5.049043,1.809058,14.916228,14.916228,1.000000,31856538240,31856538240,0.076336,0.160297,0.160297,0.051186,0.063240,96.400000
3030,139.155670,5.053703,1.811110,14.931693,14.931693,1.000000,31957331328,31957331328,0.078618,0.162420,0.162420,0.053597,0.063132,90.200000
3040,139.620037,5.058729,1.813357,14.947703,14.947703,1.000000,32060806272,32060806272,0.079417,0.160297,0.160297,0.055434,0.064803,92.600000
3050,140.097548,5.062531,1.814470,14.959781,14.959781,1.000000,32165845632,32165845632,0.078193,0.154989,0.154989,0.055098,0.063655,94.000000
3060,140.576404,5.066225,1.815328,14.971645,14.971645,1.000000,32275243008,32275243008,0.078903,0.160297,0.160297,0.054622,0.063559,97.900000
3070,141.041447,5.071142,1.817174,14.987353,14.987353,1.000000,32376818304,32376818304,0.073914,0.151805,0.151805,0.050519,0.062632,90.900000
3080,141.515304,5.075892,1.818931,15.002109,15.002109,1.000000,32483198592,32483198592,0.077168,0.157113,0.157113,0.053021,0.062931,95.200000
3090,141.990175,5.080801,1.821142,15.017912,15.017912,1.000000,32589243648,32589243648,0.078899,0.159236,0.159236,0.054881,0.059557,94.900000
3100,142.461860,5.084759,1.822788,15.031593,15.031594,1.000000,32688137088,32688137088,0.077005,0.153928,0.153928,0.053820,0.062870,88.500000
3110,142.952335,5.089012,1.823582,15.044816,15.044816,1.000000,32792841216,32792841216,0.076835,0.152866,0.152866,0.053880,0.065224,93.700000
3120,143.425348,5.093709,1.825222,15.060390,15.060390,1.000000,32894863488,32894863488,0.075700,0.156051,0.156051,0.051571,0.064096,91.300000
3130,143.950458,5.098392,1.826739,15.074449,15.074449,1.000000,33007054464,33007054464,0.080295,0.165605,0.165605,0.054761,0.063520,100.400000
3140,144.435589,5.102893,1.828459,15.089278,15.089278,1.000000,33112429056,33112429056,0.081377,0.163482,0.163482,0.056717,0.063769,94.300000
3150,144.922086,5.107310,1.830528,15.103374,15.103374,1.000000,33219144576,33219144576,0.076116,0.154989,0.154989,0.052436,0.062328,95.500000
3160,145.394414,5.110982,1.831152,15.115030,15.115029,1.000000,33322060800,33322060800,0.074999,0.153928,0.153928,0.051228,0.063229,92.100000
3170,145.869485,5.115854,1.833377,15.131351,15.131350,1.000000,33422630400,33422630400,0.077479,0.157113,0.157113,0.053336,0.062438,90.000000
3180,146.373123,5.120109,1.834986,15.144233,15.144234,1.000000,33531580800,33531580800,0.080210,0.158174,0.158174,0.056555,0.061215,97.500000
3190,146.920583,5.124718,1.836549,15.158998,15.158998,1.000000,33636061440,33636061440,0.083883,0.171975,0.171975,0.057523,0.061370,93.500000
3200,147.412392,5.129162,1.838355,15.173140,15.173141,1.000000,33742329984,33742329984,0.082112,0.164544,0.164544,0.057341,0.061466,95.100000
3210,147.874862,5.133605,1.840146,15.188437,15.188438,1.000000,33842005632,33842005632,0.074873,0.157113,0.157113,0.050251,0.061194,89.200000
3220,148.379177,5.137847,1.841569,15.201683,15.201683,1.000000,33950397312,33950397312,0.076552,0.157113,0.157113,0.052257,0.061809,97.000000
3230,148.847108,5.142060,1.843000,15.215941,15.215941,1.000000,34048285056,34048285056,0.073924,0.161359,0.161359,0.047935,0.062025,87.600000
3240,149.334512,5.145689,1.844167,15.228155,15.228154,1.000000,34150977792,34150977792,0.076024,0.156051,0.156051,0.052018,0.062163,91.900000
3250,149.847363,5.150616,1.846236,15.243471,15.243471,1.000000,34257693312,34257693312,0.078987,0.163482,0.163482,0.053521,0.061323,95.500000
3260,150.358786,5.155826,1.848745,15.259525,15.259526,1.000000,34366867200,34366867200,0.081770,0.163482,0.163482,0.057078,0.061293,97.700000
3270,150.830283,5.160142,1.850832,15.274391,15.274390,1.000000,34469448192,34469448192,0.081746,0.175159,0.175159,0.053868,0.058284,91.800000
3280,151.317327,5.164641,1.852722,15.288430,15.288431,1.000000,34575158016,34575158016,0.080049,0.167728,0.167728,0.053828,0.059864,94.600000
3290,151.828895,5.168289,1.853756,15.299326,15.299327,1.000000,34683996672,34683996672,0.079445,0.164544,0.164544,0.053702,0.061713,97.400000
3300,152.342597,5.172984,1.855191,15.313253,15.313253,1.000000,34793394048,34793394048,0.077378,0.157113,0.157113,0.053116,0.059973,97.900000
3310,152.844723,5.177115,1.856858,15.325910,15.325909,1.000000,34902120960,34902120960,0.078074,0.164544,0.164544,0.052473,0.061212,97.300000
3320,153.321893,5.181737,1.859076,15.340710,15.340710,1.000000,35009730432,35009730432,0.077985,0.167728,0.167728,0.051561,0.057929,96.300000
3330,153.801388,5.185663,1.860695,15.353705,15.353705,1.000000,35113093632,35113093632,0.080650,0.163482,0.163482,0.055998,0.062329,92.500000
3340,154.311460,5.190833,1.863008,15.369798,15.369798,1.000000,35223831936,35223831936,0.076611,0.154989,0.154989,0.053210,0.057423,99.100000
3350,154.790550,5.195015,1.864343,15.383998,15.383997,1.000000,35327306880,35327306880,0.071910,0.149682,0.149682,0.048690,0.059953,92.600000
3360,155.258482,5.199585,1.866587,15.399055,15.399054,1.000000,35432569728,35432569728,0.072902,0.149682,0.149682,0.049765,0.057137,94.200000
3370,155.730605,5.203361,1.867843,15.411400,15.411400,1.000000,35535597696,35535597696,0.073982,0.150743,0.150743,0.051026,0.060725,92.200000
3380,156.210665,5.207303,1.869285,15.424491,15.424491,1.000000,35636390784,35636390784,0.078238,0.154989,0.154989,0.055231,0.062292,90.200000
3390,156.689687,5.210838,1.870132,15.436676,15.436675,1.000000,35737519104,35737519104,0.075369,0.154989,0.154989,0.051449,0.060446,90.500000
3400,157.202173,5.215624,1.872168,15.451003,15.451003,1.000000,35851386240,35851386240,0.078982,0.165605,0.165605,0.053123,0.059259,101.900000
3410,157.684760,5.219587,1.873244,15.463432,15.463432,1.000000,35957878272,35957878272,0.081143,0.164544,0.164544,0.056084,0.059409,95.300000
3420,158.193167,5.224041,1.874994,15.477006,15.477006,1.000000,36067163904,36067163904,0.075991,0.161359,0.161359,0.050368,0.062086,97.800000
3430,158.668107,5.227957,1.876448,15.490443,15.490443,1.000000,36169744896,36169744896,0.080911,0.165605,0.165605,0.055735,0.058913,91.800000
3440,159.170163,5.232206,1.878464,15.503847,15.503847,1.000000,36276125184,36276125184,0.079456,0.162420,0.162420,0.054473,0.061170,95.200000
3450,159.669756,5.236676,1.880431,15.517631,15.517631,1.000000,36386863488,36386863488,0.078789,0.157113,0.157113,0.055077,0.060225,99.100000
3460,160.150580,5.240824,1.882681,15.530883,15.530883,1.000000,36490561920,36490561920,0.076910,0.157113,0.157113,0.052876,0.060216,92.800000
3470,160.651791,5.245385,1.884207,15.545406,15.545406,1.000000,36599177088,36599177088,0.074715,0.157113,0.157113,0.049991,0.059277,97.200000
3480,161.164703,5.249500,1.885540,15.558952,15.558953,1.000000,36703210752,36703210752,0.072691,0.153928,0.153928,0.048271,0.058101,93.100000
3490,161.650738,5.253894,1.887522,15.572770,15.572769,1.000000,36810596736,36810596736,0.078098,0.163482,0.163482,0.052676,0.058683,96.100000
3500,162.122613,5.257897,1.889202,15.586717,15.586718,1.000000,36912954240,36912954240,0.074895,0.158174,0.158174,0.049993,0.057951,91.600000
3510,162.600949,5.261218,1.890315,15.597997,15.597996,1.000000,37017993600,37017993600,0.074969,0.154989,0.154989,0.051086,0.060117,94.000000
3520,163.090739,5.265719,1.892484,15.612309,15.612309,1.000000,37123815168,37123815168,0.076392,0.158174,0.158174,0.051976,0.059812,94.700000
3530,163.582110,5.269845,1.894214,15.625413,15.625413,1.000000,37228742784,37228742784,0.076836,0.157113,0.157113,0.052740,0.059300,93.900000
3540,164.072848,5.273765,1.895496,15.638669,15.638669,1.000000,37332664704,37332664704,0.079466,0.163482,0.163482,0.054250,0.060246,93.000000
3550,164.595686,5.277757,1.897110,15.651322,15.651321,1.000000,37440162432,37440162432,0.080424,0.165605,0.165605,0.054915,0.060101,96.200000
3560,165.090096,5.281489,1.897909,15.663836,15.663835,1.000000,37544196096,37544196096,0.077673,0.160297,0.160297,0.052816,0.059429,93.100000
3570,165.596648,5.285285,1.899427,15.676113,15.676114,1.000000,37653369984,37653369984,0.078030,0.161359,0.161359,0.053088,0.057273,97.700000
3580,166.101360,5.289759,1.901382,15.690998,15.690998,1.000000,37757068416,37757068416,0.078030,0.164544,0.164544,0.052092,0.057311,92.800000
3590,166.619200,5.293046,1.902523,15.701713,15.701713,1.000000,37865124864,37865124864,0.077309,0.159236,0.159236,0.052786,0.056777,96.700000
3600,167.126539,5.296976,1.903928,15.714180,15.714179,1.000000,37970164224,37970164224,0.076480,0.156051,0.156051,0.052207,0.061131,94.000000
3610,167.625198,5.301039,1.905662,15.727546,15.727547,1.000000,38073639168,38073639168,0.074310,0.157113,0.157113,0.049315,0.060063,92.600000
3620,168.152922,5.304882,1.907452,15.739466,15.739466,1.000000,38183930496,38183930496,0.073781,0.151805,0.151805,0.050455,0.058000,98.700000
3630,168.636381,5.309447,1.909766,15.754283,15.754282,1.000000,38289305088,38289305088,0.076667,0.158174,0.158174,0.052369,0.058150,94.300000
3640,169.152384,5.313977,1.911371,15.768109,15.768108,1.000000,38402613504,38402613504,0.081302,0.162420,0.162420,0.056983,0.056021,101.400000
3650,169.987214,5.317667,1.912453,15.779760,15.779759,1.000000,38512457856,38512457856,0.079708,0.163482,0.163482,0.054754,0.059398,98.300000
3660,170.503958,5.321148,1.913808,15.791560,15.791560,1.000000,38612021760,38612021760,0.078776,0.164544,0.164544,0.053132,0.058824,89.100000
3670,171.010777,5.324893,1.915217,15.803862,15.803863,1.000000,38717061120,38717061120,0.078377,0.161359,0.161359,0.053431,0.057931,94.000000
3680,171.486202,5.328644,1.916649,15.816822,15.816822,1.000000,38817630720,38817630720,0.078965,0.167728,0.167728,0.052482,0.055111,90.000000
3690,172.011586,5.332479,1.917832,15.828427,15.828428,1.000000,38929598208,38929598208,0.078563,0.157113,0.157113,0.054945,0.058908,100.200000
3700,172.510524,5.336129,1.919422,15.840318,15.840319,1.000000,39034749312,39034749312,0.075057,0.159236,0.159236,0.049789,0.056089,94.100000
3710,173.001155,5.339981,1.920881,15.853132,15.853132,1.000000,39137442048,39137442048,0.076843,0.163482,0.163482,0.050841,0.058726,91.900000
3720,173.496014,5.343556,1.922596,15.864704,15.864703,1.000000,39242816640,39242816640,0.075121,0.157113,0.157113,0.050479,0.057007,94.300000
3730,173.993100,5.347623,1.924164,15.878035,15.878036,1.000000,39348414720,39348414720,0.079431,0.169851,0.169851,0.052292,0.058049,94.500000
3740,174.489166,5.351343,1.925418,15.890556,15.890555,1.000000,39455241984,39455241984,0.076768,0.162420,0.162420,0.051139,0.057708,95.600000
3750,174.996276,5.355076,1.927279,15.902400,15.902400,1.000000,39563410176,39563410176,0.077970,0.160297,0.160297,0.053265,0.056474,96.800000
3760,175.511788,5.359416,1.929591,15.916659,15.916658,1.000000,39669120000,39669120000,0.075713,0.156051,0.156051,0.051714,0.057967,94.600000
3770,176.022240,5.363297,1.931054,15.929130,15.929130,1.000000,39778182144,39778182144,0.076446,0.152866,0.152866,0.053558,0.056254,97.600000
3780,176.532952,5.366977,1.932403,15.941115,15.941115,1.000000,39883333248,39883333248,0.075057,0.157113,0.157113,0.050668,0.055843,94.100000
3790,177.179921,5.370156,1.934059,15.952982,15.952981,1.000000,39979321344,39979321344,0.074739,0.147558,0.147558,0.052989,0.054741,85.900000
3800,178.005430,5.374024,1.935509,15.964966,15.964966,1.000000,40087601280,40087601280,0.072915,0.149682,0.149682,0.050039,0.058170,96.900000
3810,178.624329,5.377514,1.937344,15.976048,15.976048,1.000000,40197333888,40197333888,0.079300,0.160297,0.160297,0.055131,0.055543,98.200000
3820,179.139796,5.381676,1.938792,15.989254,15.989255,1.000000,40303937664,40303937664,0.076585,0.160297,0.160297,0.051495,0.057592,95.400000
3830,179.677744,5.385344,1.940164,16.000486,16.000486,1.000000,40412999808,40412999808,0.078867,0.160297,0.160297,0.054233,0.057306,97.600000
3840,180.191044,5.388778,1.941812,16.011284,16.011286,1.000000,40520944512,40520944512,0.083043,0.168790,0.168790,0.057314,0.058333,96.600000
3850,180.676998,5.392453,1.943628,16.024103,16.024105,1.000000,40622631552,40622631552,0.077495,0.162420,0.162420,0.051928,0.055713,91.000000
3860,181.177864,5.395988,1.945207,16.035805,16.035805,1.000000,40726888704,40726888704,0.075532,0.161359,0.161359,0.049912,0.057092,93.300000
3870,181.660235,5.399728,1.946997,16.048204,16.048204,1.000000,40830810624,40830810624,0.073524,0.148620,0.148620,0.051095,0.055649,93.000000
3880,182.257711,5.403253,1.949279,16.061089,16.061087,1.000000,40930374528,40930374528,0.074598,0.152866,0.152866,0.051134,0.052506,89.100000
3890,182.754857,5.406904,1.950477,16.073118,16.073118,1.000000,41037984000,41037984000,0.078668,0.163482,0.163482,0.053106,0.054835,96.300000
3900,183.257884,5.410058,1.951915,16.084425,16.084425,1.000000,41141123712,41141123712,0.076064,0.159236,0.159236,0.051167,0.054729,92.300000
3910,183.768184,5.413937,1.953299,16.097218,16.097218,1.000000,41243704704,41243704704,0.078106,0.166667,0.166667,0.051677,0.058183,91.800000
3920,184.239795,5.417165,1.954768,16.108763,16.108765,1.000000,41340363264,41340363264,0.078358,0.165605,0.165605,0.052426,0.057972,86.500000
3930,184.726844,5.420165,1.955924,16.119125,16.119125,1.000000,41439703680,41439703680,0.075474,0.156051,0.156051,0.051250,0.058197,88.900000
3940,185.217430,5.423645,1.957564,16.130257,16.130257,1.000000,41543625600,41543625600,0.077107,0.153928,0.153928,0.053792,0.058210,93.000000
3950,185.716678,5.427124,1.959214,16.140984,16.140984,1.000000,41650341120,41650341120,0.076755,0.157113,0.157113,0.052494,0.057776,95.500000
3960,186.236319,5.430844,1.960706,16.152302,16.152302,1.000000,41760967680,41760967680,0.079814,0.162420,0.162420,0.055155,0.056093,99.000000
3970,186.724747,5.434406,1.962325,16.163727,16.163727,1.000000,41867794944,41867794944,0.076956,0.153928,0.153928,0.053835,0.053428,95.600000
3980,187.232894,5.438193,1.963933,16.176317,16.176317,1.000000,41971716864,41971716864,0.073824,0.144374,0.144374,0.052462,0.053540,93.000000
