round,clients,denominator,local_loss,update_norm,pre_clip_norm_mean,pre_clip_norm_median,pre_clip_norm_p90,pre_clip_norm_p95,pre_clip_norm_max,frac_clipped,post_clip_norm_mean,shrinkage_mean,noise_std,noise_norm,clipped_aggregate_norm,signal_to_noise,download_bytes,upload_bytes,bytes_per_client,sparse_upload_bytes_diag,skipped_empty
1,71,94.200000,0.692761,2.808871,0.109293,0.094241,0.214223,0.232780,0.395984,0.000000,0.109293,1.000000,0.805072,264.591820,1.092233,0.004128,30572032,30572032,861184,3117660,False
2,93,94.200000,0.692548,2.807559,0.121680,0.096495,0.232386,0.258851,0.569658,0.000000,0.121680,1.000000,0.805072,264.464691,1.484605,0.005614,40045056,40045056,861184,3546920,False
3,115,94.200000,0.692124,2.805539,0.146522,0.090451,0.282947,0.415277,1.674309,0.008696,0.140659,0.996498,0.805072,264.281627,2.244675,0.008493,49518080,49518080,861184,4994080,False
4,94,94.200000,0.692049,2.804422,0.137562,0.098535,0.261744,0.338172,0.604510,0.000000,0.137562,1.000000,0.805072,264.171022,1.813713,0.006866,40475648,40475648,861184,3935360,False
5,85,94.200000,0.687155,2.807648,0.233490,0.129226,0.471666,0.701220,3.510306,0.011765,0.203957,0.991587,0.805072,264.456349,2.808332,0.010619,36600320,36600320,861184,3079180,False
6,97,94.200000,0.688014,2.808217,0.245631,0.145334,0.450903,0.600053,2.707801,0.030928,0.223117,0.989828,0.805072,264.492348,3.250407,0.012289,41767424,41767424,861184,3649620,False
7,96,94.200000,0.689936,2.809263,0.211494,0.127013,0.573645,0.697835,1.019179,0.010417,0.211294,0.999804,0.805072,264.600865,3.171795,0.011987,41336832,41336832,861184,4495920,False
8,86,94.200000,0.688474,2.806948,0.281007,0.138758,0.726514,1.000541,2.385192,0.058140,0.260755,0.989555,0.805072,264.391373,3.729577,0.014106,37030912,37030912,861184,3226080,False
9,95,94.200000,0.687447,2.803274,0.259330,0.142234,0.641546,1.015048,1.557897,0.063158,0.240018,0.986619,0.805072,264.044749,3.825133,0.014487,40906240,40906240,861184,4517760,False
10,96,94.200000,0.679839,2.806187,0.391317,0.183119,0.940846,1.597600,6.399868,0.093750,0.289097,0.965910,0.805072,264.307796,4.447776,0.016828,41336832,41336832,861184,4229160,False
11,92,94.200000,0.682397,2.796520,0.364532,0.155455,0.828233,1.468827,2.460704,0.086957,0.301868,0.965793,0.805072,263.391817,4.733047,0.017970,39614464,39614464,861184,4414800,False
12,102,94.200000,0.670539,2.805208,0.501197,0.259910,0.932297,1.525684,5.120340,0.098039,0.365685,0.956636,0.805072,264.182155,5.859364,0.022179,43920384,43920384,861184,3499600,False
13,96,94.200000,0.685740,2.807513,0.299309,0.185398,0.646786,0.844487,2.279305,0.041667,0.275645,0.986657,0.805072,264.456619,4.192970,0.015855,41336832,41336832,861184,4361760,False
14,91,94.200000,0.680923,2.805713,0.385659,0.209455,1.005377,1.537414,2.046686,0.120879,0.331197,0.967982,0.805072,264.270244,4.969194,0.018803,39183872,39183872,861184,4514380,False
15,90,94.200000,0.671162,2.803912,0.531131,0.249247,1.290118,1.702117,5.333342,0.177778,0.402309,0.945466,0.805072,264.070488,5.938824,0.022490,38753280,38753280,861184,3866200,False
16,91,94.200000,0.676246,2.809487,0.524963,0.392874,1.067674,1.458854,2.386819,0.120879,0.460113,0.964055,0.805072,264.570994,6.306636,0.023837,39183872,39183872,861184,3154580,False
17,95,94.200000,0.660490,2.801212,0.674628,0.348494,1.651107,2.098023,6.020947,0.221053,0.470368,0.915792,0.805072,263.752535,6.966670,0.026414,40906240,40906240,861184,3905980,False
18,96,94.200000,0.645633,2.794098,0.840069,0.498138,2.297569,2.641717,3.548979,0.302083,0.557481,0.876975,0.805072,263.087956,8.002068,0.030416,41336832,41336832,861184,3770260,False
19,98,94.200000,0.665657,2.811136,0.561403,0.295395,1.367315,2.230067,3.595547,0.153061,0.421408,0.938716,0.805072,264.710796,6.542291,0.024715,42198016,42198016,861184,4526600,False
20,81,94.200000,0.657035,2.806203,0.654663,0.346183,1.407629,2.389967,3.309996,0.209877,0.486816,0.926483,0.805072,264.262262,6.504510,0.024614,34877952,34877952,861184,3591640,False
21,94,94.200000,0.655298,2.813697,0.685215,0.374941,1.784089,2.516280,3.145800,0.212766,0.491643,0.912612,0.805072,264.898542,7.400553,0.027937,40475648,40475648,861184,4044300,False
22,90,94.200000,0.646419,2.813041,0.768089,0.443015,2.043051,2.651588,3.812323,0.244444,0.534794,0.901418,0.805072,264.873719,8.254810,0.031165,38753280,38753280,861184,3810560,False
23,91,94.200000,0.644393,2.803111,0.814946,0.551402,1.888864,2.674906,3.493434,0.274725,0.573149,0.889980,0.805072,263.893413,8.591905,0.032558,39183872,39183872,861184,3203460,False
24,89,94.200000,0.652565,2.792476,0.743586,0.549896,1.648080,2.094557,3.098252,0.258427,0.572392,0.912255,0.805072,262.878602,8.241351,0.031350,38322688,38322688,861184,3313180,False
25,94,94.200000,0.624494,2.810022,0.964341,0.472530,2.488975,2.936298,5.890903,0.308511,0.548461,0.847680,0.805072,264.617946,8.466326,0.031995,40475648,40475648,861184,4232020,False
26,101,94.200000,0.607793,2.790799,1.130289,0.767889,2.726979,3.141998,5.367675,0.435644,0.668103,0.811350,0.805072,262.663007,10.630176,0.040471,43489792,43489792,861184,3951220,False
27,90,94.200000,0.627181,2.806004,0.961445,0.593935,2.125711,2.875516,5.666000,0.355556,0.616638,0.853921,0.805072,264.188991,9.055325,0.034276,38753280,38753280,861184,3556540,False
28,93,94.200000,0.619232,2.791578,0.996730,0.606501,2.509281,2.825150,4.813954,0.344086,0.616283,0.845280,0.805072,262.781867,9.511792,0.036197,40045056,40045056,861184,4222400,False
29,90,94.200000,0.609023,2.797924,1.078735,0.723732,2.508735,2.936021,3.444623,0.433333,0.650198,0.817602,0.805072,263.388730,9.561778,0.036303,38753280,38753280,861184,4202900,False
30,93,94.200000,0.598548,2.806775,1.167489,0.925977,2.652584,2.792078,3.327009,0.483871,0.704812,0.789325,0.805072,264.209805,11.004627,0.041651,40045056,40045056,861184,3508180,False
31,89,94.200000,0.591532,2.805237,1.205179,0.914493,2.610044,2.840790,3.581771,0.438202,0.745182,0.800800,0.805072,263.979321,11.361985,0.043041,38322688,38322688,861184,2640300,False
32,97,94.200000,0.611638,2.798191,1.000920,0.678071,2.409267,2.594778,3.015026,0.412371,0.656078,0.840690,0.805072,263.333754,10.771741,0.040905,41767424,41767424,861184,4464200,False
33,90,94.200000,0.617682,2.797913,1.004314,0.791929,2.031956,2.623085,5.284003,0.422222,0.660531,0.844688,0.805072,263.385896,9.861599,0.037442,38753280,38753280,861184,4245280,False
34,98,94.200000,0.585542,2.799494,1.135797,0.704096,2.715651,3.049497,3.936376,0.387755,0.666090,0.814175,0.805072,263.480445,10.914863,0.041426,42198016,42198016,861184,4707040,False
35,110,94.200000,0.585129,2.810530,1.198128,0.911318,2.636738,2.808186,5.624516,0.463636,0.725474,0.801666,0.805072,264.423151,13.703122,0.051823,47365120,47365120,861184,4737200,False
36,89,94.200000,0.561866,2.815508,1.277458,1.019597,2.829745,3.109469,3.449779,0.528090,0.750290,0.780229,0.805072,264.930290,11.738556,0.044308,38322688,38322688,861184,3536000,False
37,83,94.200000,0.534991,2.804869,1.462899,1.296532,2.871225,3.041654,3.647827,0.542169,0.770240,0.721254,0.805072,263.972291,11.232499,0.042552,35739136,35739136,861184,3405740,False
38,99,94.200000,0.547939,2.795695,1.449408,1.234811,2.811235,3.063771,3.749089,0.626263,0.830034,0.732420,0.805072,263.051731,13.675545,0.051988,42628608,42628608,861184,3613220,False
39,108,94.200000,0.550508,2.808691,1.321297,1.128872,2.897910,3.161914,4.070048,0.518519,0.748835,0.770405,0.805072,264.270755,13.460248,0.050934,46503936,46503936,861184,5075460,False
40,87,94.200000,0.540809,2.809488,1.375065,1.309093,2.678733,2.781131,3.438520,0.597701,0.779934,0.732480,0.805072,264.425099,12.093504,0.045735,37461504,37461504,861184,3659500,False
41,93,94.200000,0.537209,2.802862,1.385554,1.178129,2.721867,3.018626,3.386895,0.537634,0.784557,0.747420,0.805072,263.788690,12.945695,0.049076,40045056,40045056,861184,3903640,False
42,96,94.200000,0.526793,2.820951,1.442758,1.385802,2.691494,2.990727,3.764588,0.604167,0.793424,0.721681,0.805072,265.392110,13.553310,0.051069,41336832,41336832,861184,4586400,False
43,83,94.200000,0.514203,2.800907,1.520848,1.234988,2.822543,2.967763,4.755677,0.602410,0.818121,0.716284,0.805072,263.557843,12.604229,0.047823,35739136,35739136,861184,3491800,False
44,100,94.200000,0.513854,2.817029,1.473710,1.311857,2.766759,2.919868,3.329730,0.570000,0.838193,0.727929,0.805072,264.951046,14.859820,0.056085,43059200,43059200,861184,4067180,False
45,102,94.200000,0.466070,2.804754,1.789253,1.786285,2.816039,3.140087,3.668432,0.754902,0.914604,0.629931,0.805072,263.829909,15.739367,0.059657,43920384,43920384,861184,3215940,False
46,98,94.200000,0.507594,2.801208,1.490007,1.354380,2.754929,3.116305,3.808586,0.612245,0.820345,0.716095,0.805072,263.485742,14.978592,0.056848,42198016,42198016,861184,4559360,False
47,80,94.200000,0.521140,2.799572,1.371543,1.181042,2.610743,2.702568,3.113215,0.600000,0.817909,0.752206,0.805072,263.406870,12.449432,0.047263,34447360,34447360,861184,4003220,False
48,92,94.200000,0.495823,2.802696,1.515564,1.393524,2.645831,2.888488,5.253652,0.663043,0.850364,0.707133,0.805072,263.718910,13.979802,0.053010,39614464,39614464,861184,4059380,False
49,87,94.200000,0.465718,2.789184,1.646500,1.685120,2.934434,3.289640,3.499479,0.678161,0.863610,0.669722,0.805072,262.359821,13.606009,0.051860,37461504,37461504,861184,3760380,False
50,97,94.200000,0.486280,2.812134,1.609038,1.614640,2.595958,3.178954,3.585824,0.680412,0.872170,0.684331,0.805072,264.509515,14.659962,0.055423,41767424,41767424,861184,4233320,False
