round,clients,denominator,local_loss,update_norm,pre_clip_norm_mean,pre_clip_norm_median,pre_clip_norm_p90,pre_clip_norm_p95,pre_clip_norm_max,frac_clipped,post_clip_norm_mean,shrinkage_mean,noise_std,noise_norm,clipped_aggregate_norm,signal_to_noise,download_bytes,upload_bytes,bytes_per_client,sparse_upload_bytes_diag,skipped_empty,A_fro,B_fro,mean_touched_rows
1,96,94.200000,0.693015,0.007247,0.051012,0.039765,0.112228,0.128947,0.226186,0.000000,0.051012,1.000000,0.000000,0.000000,0.682657,inf,2681856,2681856,55872,,False,2.626361,2.626361,157.895833
2,91,94.200000,0.692559,0.024895,0.115089,0.053598,0.207822,0.282906,1.438126,0.000000,0.115089,1.000000,0.000000,0.000000,2.345072,inf,2542176,2542176,55872,,False,2.627310,2.627310,144.021978
3,89,94.200000,0.692519,0.016730,0.089355,0.049440,0.187607,0.281421,1.009308,0.000000,0.089355,1.000000,0.000000,0.000000,1.575977,inf,2486304,2486304,55872,,False,2.628148,2.628148,167.876404
4,93,94.200000,0.691048,0.034259,0.120071,0.046647,0.219170,0.341858,2.786592,0.000000,0.120071,1.000000,0.000000,0.000000,3.227187,inf,2598048,2598048,55872,,False,2.630195,2.630195,170.043011
5,107,94.200000,0.691190,0.033263,0.137187,0.050490,0.364444,0.502127,2.204734,0.000000,0.137187,1.000000,0.000000,0.000000,3.133332,inf,2989152,2989152,55872,,False,2.632816,2.632816,170.607477
6,106,94.200000,0.691181,0.037418,0.151333,0.076657,0.304111,0.593945,2.010010,0.000000,0.151333,1.000000,0.000000,0.000000,3.524818,inf,2961216,2961216,55872,,False,2.635409,2.635409,144.896226
7,82,94.200000,0.690033,0.041214,0.187276,0.079795,0.430373,0.557029,2.089739,0.000000,0.187276,1.000000,0.000000,0.000000,3.882341,inf,2290752,2290752,55872,,False,2.638541,2.638541,153.634146
8,92,94.200000,0.687694,0.049487,0.208872,0.081265,0.530738,0.754820,3.247681,0.000000,0.208872,1.000000,0.000000,0.000000,4.661686,inf,2570112,2570112,55872,,False,2.642654,2.642654,160.000000
9,103,94.200000,0.688050,0.059405,0.255826,0.106903,0.654742,0.951514,2.901786,0.000000,0.255826,1.000000,0.000000,0.000000,5.595972,inf,2877408,2877408,55872,,False,2.648836,2.648836,169.310680
10,97,94.200000,0.691379,0.033591,0.166077,0.097098,0.434352,0.543090,1.278874,0.000000,0.166077,1.000000,0.000000,0.000000,3.164317,inf,2709792,2709792,55872,,False,2.651282,2.651282,177.907216
11,97,94.200000,0.680298,0.138666,0.409372,0.127518,0.636503,1.479249,10.607411,0.000000,0.409372,1.000000,0.000000,0.000000,13.062336,inf,2709792,2709792,55872,,False,2.659685,2.659685,145.247423
12,83,94.200000,0.677412,0.091894,0.383071,0.108108,0.872829,2.207881,3.762125,0.000000,0.383071,1.000000,0.000000,0.000000,8.656374,inf,2318688,2318688,55872,,False,2.669638,2.669637,154.337349
13,90,94.200000,0.680039,0.107502,0.394926,0.115711,0.847150,1.234119,7.396436,0.000000,0.394926,1.000000,0.000000,0.000000,10.126675,inf,2514240,2514240,55872,,False,2.676225,2.676225,174.666667
14,85,94.200000,0.681307,0.080245,0.350314,0.131300,0.818643,1.364976,3.859063,0.000000,0.350314,1.000000,0.000000,0.000000,7.559112,inf,2374560,2374560,55872,,False,2.684663,2.684663,179.600000
15,92,94.200000,0.683158,0.085656,0.341946,0.133363,0.823960,1.271960,4.605889,0.000000,0.341946,1.000000,0.000000,0.000000,8.068838,inf,2570112,2570112,55872,,False,2.692108,2.692108,200.750000
16,75,94.200000,0.672258,0.106639,0.519550,0.214220,1.593254,2.061222,4.992561,0.000000,0.519550,1.000000,0.000000,0.000000,10.045392,inf,2095200,2095200,55872,,False,2.702797,2.702797,133.600000
17,111,94.200000,0.677899,0.118655,0.419895,0.121292,1.250517,1.901096,4.565118,0.000000,0.419895,1.000000,0.000000,0.000000,11.177313,inf,3100896,3100896,55872,,False,2.716313,2.716313,175.450450
18,93,94.200000,0.674974,0.113271,0.515286,0.212096,1.309368,2.023916,3.478748,0.000000,0.515286,1.000000,0.000000,0.000000,10.670153,inf,2598048,2598048,55872,,False,2.731343,2.731343,154.645161
19,89,94.200000,0.663523,0.145720,0.620891,0.222098,2.172353,3.163064,5.041952,0.000000,0.620891,1.000000,0.000000,0.000000,13.726825,inf,2486304,2486304,55872,,False,2.749439,2.749439,150.426966
20,90,94.200000,0.658168,0.166720,0.689848,0.199739,2.239872,3.053722,5.210637,0.000000,0.689848,1.000000,0.000000,0.000000,15.705048,inf,2514240,2514240,55872,,False,2.771233,2.771233,182.833333
21,91,94.200000,0.646329,0.185305,0.855526,0.252135,2.760912,3.389016,4.279553,0.000000,0.855526,1.000000,0.000000,0.000000,17.455743,inf,2542176,2542176,55872,,False,2.799944,2.799944,147.241758
22,88,94.200000,0.667393,0.142814,0.569514,0.262028,1.517820,2.466647,3.968358,0.000000,0.569514,1.000000,0.000000,0.000000,13.453109,inf,2458368,2458368,55872,,False,2.817313,2.817313,167.295455
23,112,94.200000,0.634789,0.272218,1.032842,0.275787,2.812354,4.307997,10.264281,0.000000,1.032842,1.000000,0.000000,0.000000,25.642916,inf,3128832,3128832,55872,,False,2.853811,2.853811,155.392857
24,90,94.200000,0.647079,0.204501,0.835369,0.367852,2.294515,3.363763,3.908631,0.000000,0.835369,1.000000,0.000000,0.000000,19.264040,inf,2514240,2514240,55872,,False,2.883252,2.883252,165.255556
25,86,94.200000,0.627103,0.242007,0.997780,0.415889,3.334810,3.894008,5.896883,0.000000,0.997780,1.000000,0.000000,0.000000,22.797082,inf,2402496,2402496,55872,,False,2.916869,2.916869,168.895349
26,86,94.200000,0.628419,0.256354,1.116224,0.494440,3.051201,3.750470,12.375659,0.000000,1.116224,1.000000,0.000000,0.000000,24.148561,inf,2402496,2402496,55872,,False,2.952168,2.952168,166.860465
27,97,94.200000,0.626705,0.268742,1.035046,0.489296,3.107235,3.722908,4.441873,0.000000,1.035046,1.000000,0.000000,0.000000,25.315484,inf,2709792,2709792,55872,,False,2.991783,2.991783,159.711340
28,76,94.200000,0.612101,0.254930,1.232051,0.715626,3.356846,3.641520,7.195375,0.000000,1.232051,1.000000,0.000000,0.000000,24.014440,inf,2123136,2123136,55872,,False,3.030450,3.030450,157.802632
29,91,94.200000,0.599387,0.337721,1.329824,0.697089,3.202099,3.839797,8.716786,0.000000,1.329824,1.000000,0.000000,0.000000,31.813275,inf,2542176,2542176,55872,,False,3.087356,3.087356,156.406593
30,84,94.200000,0.585927,0.307098,1.364609,0.646094,3.603415,4.367137,7.201783,0.000000,1.364609,1.000000,0.000000,0.000000,28.928652,inf,2346624,2346624,55872,,False,3.138696,3.138696,146.821429
31,90,94.200000,0.576889,0.388414,1.446889,1.006359,3.204846,4.102315,5.739960,0.000000,1.446889,1.000000,0.000000,0.000000,36.588629,inf,2514240,2514240,55872,,False,3.203411,3.203411,158.133333
32,97,94.200000,0.557123,0.435242,1.681653,1.136266,3.776118,4.465859,5.748782,0.000000,1.681653,1.000000,0.000000,0.000000,40.999759,inf,2709792,2709792,55872,,False,3.283627,3.283627,145.711340
33,97,94.200000,0.574934,0.379346,1.534009,1.130682,3.328004,3.973193,5.959188,0.000000,1.534009,1.000000,0.000000,0.000000,35.734359,inf,2709792,2709792,55872,,False,3.353591,3.353591,162.938144
34,96,94.200000,0.539814,0.458825,1.711143,1.586621,3.067251,4.613527,5.116887,0.000000,1.711143,1.000000,0.000000,0.000000,43.221324,inf,2681856,2681856,55872,,False,3.444364,3.444364,158.354167
35,89,94.200000,0.476825,0.490140,2.119069,1.887522,4.023562,4.396353,6.216656,0.000000,2.119069,1.000000,0.000000,0.000000,46.171201,inf,2486304,2486304,55872,,False,3.538572,3.538572,150.426966
36,99,94.200000,0.518472,1.963270,4.117549,2.145812,4.177415,5.703061,181.672001,0.000000,4.117549,1.000000,0.000000,0.000000,184.940010,inf,2765664,2765664,55872,,False,3.720822,3.720822,150.191919
37,84,94.200000,0.501893,0.418585,1.943972,1.454970,3.726855,4.329237,6.223637,0.000000,1.943972,1.000000,0.000000,0.000000,39.430697,inf,2346624,2346624,55872,,False,3.794564,3.794564,183.988095
38,89,94.200000,0.532286,0.785182,2.772030,2.053294,3.889281,4.562178,48.217920,0.000000,2.772030,1.000000,0.000000,0.000000,73.964116,inf,2486304,2486304,55872,,False,3.924037,3.924037,163.337079
39,99,94.200000,0.431373,0.523115,2.415483,2.363912,4.196397,4.809858,7.041156,0.000000,2.415483,1.000000,0.000000,0.000000,49.277451,inf,2765664,2765664,55872,,False,4.030184,4.030184,154.595960
40,98,94.200000,0.411401,0.565733,2.524352,2.321705,3.767129,4.853180,14.233039,0.000000,2.524352,1.000000,0.000000,0.000000,53.292090,inf,2737728,2737728,55872,,False,4.144924,4.144925,179.020408
41,114,94.200000,0.571085,1.111211,3.374693,2.564128,4.888100,5.490412,75.481699,0.000000,3.374693,1.000000,0.000000,0.000000,104.676033,inf,3184704,3184704,55872,,False,4.352499,4.352498,157.078947
42,86,94.200000,0.395608,0.445505,2.469672,2.454845,3.997669,4.335705,6.984166,0.000000,2.469672,1.000000,0.000000,0.000000,41.966582,inf,2402496,2402496,55872,,False,4.438020,4.438020,171.593023
43,80,94.200000,0.386670,0.507875,3.335513,2.705832,4.708723,5.942836,25.623230,0.000000,3.335513,1.000000,0.000000,0.000000,47.841797,inf,2234880,2234880,55872,,False,4.492850,4.492850,184.662500
44,97,94.200000,0.320917,0.540675,3.098342,2.648754,4.814433,5.940006,10.457454,0.000000,3.098342,1.000000,0.000000,0.000000,50.931611,inf,2709792,2709792,55872,,False,4.576767,4.576766,182.556701
45,93,94.200000,0.311872,0.503435,3.130169,2.787199,5.128005,5.497030,9.093252,0.000000,3.130169,1.000000,0.000000,0.000000,47.423566,inf,2598048,2598048,55872,,False,4.654638,4.654638,149.698925
46,102,94.200000,0.304440,0.552079,2.966831,2.658231,4.696776,5.306919,8.311693,0.000000,2.966831,1.000000,0.000000,0.000000,52.005819,inf,2849472,2849472,55872,,False,4.751510,4.751510,180.882353
47,93,94.200000,1.267587,31.268722,35.844598,2.849613,5.463856,7.579489,2946.141980,0.000000,35.844598,1.000000,0.000000,0.000000,2945.513449,inf,2598048,2598048,55872,,False,7.017883,7.017884,175.924731
48,90,94.200000,1.893743,4.359927,11.491214,5.797572,21.509088,46.502913,178.472435,0.000000,11.491214,1.000000,0.000000,0.000000,410.705109,inf,2514240,2514240,55872,,False,6.153638,6.153638,175.433333
49,86,94.200000,2.175041,5.040316,12.001122,5.610063,19.418980,46.858177,141.048746,0.000000,12.001122,1.000000,0.000000,0.000000,474.797772,inf,2402496,2402496,55872,,False,5.033785,5.033785,164.058140
50,110,94.200000,3.808257,7.476810,16.261655,3.671144,22.383855,79.858436,274.831080,0.000000,16.261655,1.000000,0.000000,0.000000,704.315476,inf,3072960,3072960,55872,,False,6.333008,6.333008,179.000000
